1,0,0.0,1.0,0.08257791,0.0017075252,0.03413091,0.0031936548,0.06895192,0.033533394,0.014320779,0.0031096558,0.21186851,0.06872354,0.4654876,0.036879823,0.031995393,0.0120206745,0.020004146,0.0,0.0,0.0,0.0,0.0,0.0,0.0,0.0,0.0,1.0,0.0,1.0,0.0,0.0,0.0
1,0,0.0,1.0,0.1735197,0.0132323075,0.22004573,0.0040956074,0.041497782,0.024319138,0.00760289,0.00035773613,0.27292544,0.12446136,0.20161788,0.12578829,0.034251597,0.0047509526,0.08912629,0.0,0.0,0.0,0.0,0.0,0.0,0.0,0.0,0.0,1.0,0.0,1.0,0.0,0.0,0.0
1,0,0.0,1.0,0.10515914,0.03400631,0.037721097,0.045024585,0.045052383,0.0041685165,0.028143112,0.00013849529,0.14625989,0.028704764,0.57359743,0.04699164,0.015589597,0.009347943,0.007845571,0.0,0.0,0.0,0.0,0.0,0.0,0.0,0.0,0.0,1.0,0.0,1.0,0.0,0.0,0.0
1,0,0.0,1.0,0.050127834,0.0026459137,0.008665997,0.0062944433,0.00873215,0.004451185,0.0026000487,2.5863133e-07,0.19647638,0.011983637,0.67461956,0.030529661,0.0029509864,0.0036557172,0.03711674,0.0,0.0,0.0,0.0,0.0,0.0,0.0,0.0,0.0,1.0,0.0,1.0,0.0,0.0,0.0
1,0,0.0,1.0,0.19514835,0.0018633574,0.007831487,0.013913699,0.009413568,0.07059435,0.011456336,0.008044047,0.08013139,0.007686374,0.7809627,0.034429476,0.010417547,0.003090315,0.018223532,0.0,0.0,0.0,0.0,0.0,0.0,0.0,0.0,0.0,1.0,0.0,1.0,0.0,0.0,0.0
1,0,0.0,1.0,0.09199959,0.00081676734,0.014333587,0.0015997842,0.022954473,0.0005056146,0.0052421275,0.0010549151,0.16952449,0.033083662,0.5608289,0.041307963,0.014256501,0.00269839,0.056237508,0.0,0.0,0.0,0.0,0.0,0.0,0.0,0.0,0.0,1.0,0.0,1.0,0.0,0.0,0.0
1,0,0.0,1.0,0.031296257,0.0058553014,0.04632987,0.0034674578,0.012215477,0.0013754094,0.014288756,0.00014933305,0.1971371,0.08610021,0.51090425,0.19510321,0.023955254,0.0021588348,0.00842914,0.0,0.0,0.0,0.0,0.0,0.0,0.0,0.0,0.0,1.0,0.0,1.0,0.0,0.0,0.0
1,0,0.0,1.0,0.03525735,0.0058709243,0.01826751,0.00072593044,0.04591866,0.0005108144,0.00688828,0.00027869258,0.13542739,0.015228765,0.7927674,0.02933365,0.0049282457,0.0016514261,0.0041420637,0.0,0.0,0.0,0.0,0.0,0.0,0.0,0.0,0.0,1.0,0.0,1.0,0.0,0.0,0.0
1,0,0.0,1.0,0.1884905,0.008241639,0.011801109,0.0047985655,0.020385582,0.02256656,0.0018117885,0.0001718458,0.14624313,0.038411718,0.7177529,0.02885201,0.0069284732,0.006804376,0.022044659,0.0,0.0,0.0,0.0,0.0,0.0,0.0,0.0,0.0,1.0,0.0,1.0,0.0,0.0,0.0
1,0,0.0,1.0,0.074035875,0.14282392,0.021607136,0.01948763,0.04309289,0.0015584189,0.0055453847,0.012573549,0.15966004,0.020951727,0.55275315,0.027612554,0.0019061512,0.036116015,0.010873109,0.0,0.0,0.0,0.0,0.0,0.0,0.0,0.0,0.0,1.0,0.0,1.0,0.0,0.0,0.0
1,0,0.0,1.0,0.17505468,0.025976626,0.14590414,0.0026451086,0.105103925,0.057875652,0.017145729,0.00034700934,0.27072564,0.07093942,0.24381599,0.07457701,0.04376731,0.016460422,0.085621804,0.0,0.0,0.0,0.0,0.0,0.0,0.0,0.0,0.0,1.0,0.0,1.0,0.0,0.0,0.0
1,0,0.0,1.0,0.27183002,0.016318614,0.09886718,0.01341051,0.17051563,0.010735719,0.0053341957,0.0013481145,0.23663536,0.077916965,0.33422625,0.064896725,0.019801825,0.0072295354,0.0105070565,0.0,0.0,0.0,0.0,0.0,0.0,0.0,0.0,0.0,1.0,0.0,1.0,0.0,0.0,0.0
1,0,0.0,1.0,0.1314246,0.009950206,0.050000668,0.0101152845,0.097567014,0.027678393,0.021143086,1.8429706e-05,0.27429485,0.087867536,0.3088706,0.047987744,0.023261555,0.04843866,0.03923625,0.0,0.0,0.0,0.0,0.0,0.0,0.0,0.0,0.0,1.0,0.0,1.0,0.0,0.0,0.0
1,0,0.0,1.0,0.055550963,0.0019174791,0.09628993,0.062709,0.16965514,0.0063688974,0.01633655,0.00013321433,0.4447116,0.038346566,0.41271707,0.029049372,0.024600113,0.094522014,0.012822016,0.0,0.0,0.0,0.0,0.0,0.0,0.0,0.0,0.0,1.0,0.0,1.0,0.0,0.0,0.0
1,0,0.0,1.0,0.13907008,0.014158894,0.030659966,0.0017644251,0.03513149,0.0031232124,0.017025348,0.0008047701,0.12101499,0.094511196,0.5298231,0.06808168,0.007821172,0.0033638284,0.002797477,0.0,0.0,0.0,0.0,0.0,0.0,0.0,0.0,0.0,1.0,0.0,1.0,0.0,0.0,0.0
1,0,0.0,1.0,0.2055297,0.0044405437,0.04046793,0.0034292229,0.111394025,0.023609273,0.0049267025,8.659877e-05,0.38421756,0.06160726,0.2924709,0.055040598,0.00549409,0.0074163475,0.019437572,0.0,0.0,0.0,0.0,0.0,0.0,0.0,0.0,0.0,1.0,0.0,1.0,0.0,0.0,0.0
1,0,0.0,1.0,0.04419744,0.0089647565,0.007751164,0.0016958596,0.017614007,0.007426499,0.014094942,3.189385e-05,0.09186103,0.021175658,0.7412274,0.06180023,0.011037744,0.0016275995,0.011558586,0.0,0.0,0.0,0.0,0.0,0.0,0.0,0.0,0.0,1.0,0.0,1.0,0.0,0.0,0.0
1,0,0.0,1.0,0.14629424,0.0008057987,0.021229789,0.0002638889,0.4033921,0.023669988,0.014794502,0.0007205787,0.20918524,0.035128955,0.48694542,0.02284012,0.022164738,0.009640506,0.08763818,0.0,0.0,0.0,0.0,0.0,0.0,0.0,0.0,0.0,1.0,0.0,1.0,0.0,0.0,0.0
1,0,0.0,1.0,0.069978766,0.0040509813,0.0155702885,0.005386506,0.10781282,0.0042628674,0.007966215,0.0011105108,0.15821545,0.032111317,0.6561107,0.031917047,0.018172326,0.025004633,0.0034036362,0.0,0.0,0.0,0.0,0.0,0.0,0.0,0.0,0.0,1.0,0.0,1.0,0.0,0.0,0.0
1,0,0.0,1.0,0.05343677,0.001278243,0.0126935905,0.0010671106,0.01073219,0.0015164722,0.00486331,1.7387569e-05,0.15287764,0.015268783,0.7428606,0.06224346,0.0020159609,0.0024329997,0.009889646,0.0,0.0,0.0,0.0,0.0,0.0,0.0,0.0,0.0,1.0,0.0,1.0,0.0,0.0,0.0
1,0,0.0,1.0,0.16939448,0.017752564,0.08344227,0.0014328593,0.063921675,0.02948056,0.024591232,0.00072537473,0.36219028,0.09210618,0.30535236,0.10807036,0.021909673,0.006742016,0.028763186,0.0,0.0,0.0,0.0,0.0,0.0,0.0,0.0,0.0,1.0,0.0,1.0,0.0,0.0,0.0
1,0,0.0,1.0,0.04379312,0.0027339852,0.014980239,0.010529165,0.024707433,0.001418768,0.013186021,0.00012646541,0.39256346,0.012364105,0.57323575,0.04568139,0.0024138729,0.011488426,0.0071478086,0.0,0.0,0.0,0.0,0.0,0.0,0.0,0.0,0.0,1.0,0.0,1.0,0.0,0.0,0.0
1,0,0.0,1.0,0.042649247,0.0006116859,0.013149191,0.0011706277,0.0102518285,0.011133037,0.008539054,1.880187e-05,0.17181583,0.04549467,0.63455653,0.056834094,0.014235608,0.008402101,0.021546846,0.0,0.0,0.0,0.0,0.0,0.0,0.0,0.0,0.0,1.0,0.0,1.0,0.0,0.0,0.0
1,0,0.0,1.0,0.092835374,0.02972347,0.033056702,0.0026049328,0.05845014,0.0015577363,0.018187003,0.00011232918,0.12730882,0.014706846,0.6113709,0.030929131,0.011524623,0.002338531,0.0040366664,0.0,0.0,0.0,0.0,0.0,0.0,0.0,0.0,0.0,1.0,0.0,1.0,0.0,0.0,0.0
1,0,0.0,1.0,0.24153227,0.043559637,0.076143846,0.009438884,0.08482549,0.0129413605,0.0031836561,9.3267074e-05,0.20394737,0.02808551,0.5523927,0.027131813,0.021442864,0.023668174,0.0072683017,0.0,0.0,0.0,0.0,0.0,0.0,0.0,0.0,0.0,1.0,0.0,1.0,0.0,0.0,0.0
1,0,0.0,1.0,0.24153227,0.043559637,0.076143846,0.009438884,0.08482549,0.0129413605,0.0031836561,9.3267074e-05,0.20394737,0.02808551,0.5523927,0.027131813,0.021442864,0.023668174,0.0072683017,0.0,0.0,0.0,0.0,0.0,0.0,0.0,0.0,0.0,1.0,0.0,1.0,0.0,0.0,0.0
1,0,0.0,1.0,0.072746925,0.0026061346,0.04954176,0.0037842514,0.24139045,0.0032889172,0.0021599568,0.0002963199,0.26996312,0.042268924,0.3757779,0.034104448,0.012864389,0.008313915,0.045750223,0.0,0.0,0.0,0.0,0.0,0.0,0.0,0.0,0.0,1.0,0.0,1.0,0.0,0.0,0.0
1,0,0.0,1.0,0.09163577,0.0029322794,0.050658073,0.00089207396,0.08845574,0.006733626,0.009718463,0.001442708,0.22047518,0.11972645,0.5201756,0.039947994,0.017832972,0.004033654,0.007833144,0.0,0.0,0.0,0.0,0.0,0.0,0.0,0.0,0.0,1.0,0.0,1.0,0.0,0.0,0.0
1,0,0.0,1.0,0.211203,0.011345684,0.03095972,0.012356044,0.2043876,0.0018016966,0.0109698875,0.0004765897,0.16019443,0.035263576,0.4913964,0.044057734,0.00785632,0.015930826,0.020250112,0.0,0.0,0.0,0.0,0.0,0.0,0.0,0.0,0.0,1.0,0.0,1.0,0.0,0.0,0.0
1,0,0.0,1.0,0.14501472,0.021172909,0.03606312,0.007322765,0.06447054,0.03715216,0.0077054445,3.0546154e-05,0.17212294,0.036875572,0.3709412,0.0401735,0.041719534,0.006465579,0.025147762,0.0,0.0,0.0,0.0,0.0,0.0,0.0,0.0,0.0,1.0,0.0,1.0,0.0,0.0,0.0
1,0,0.0,1.0,0.017439496,0.008320754,0.016438404,0.003311823,0.02763179,0.00831167,0.010998722,2.0731484e-06,0.110453114,0.047813904,0.687232,0.06817656,0.0055126925,0.0017216654,0.006709241,0.0,0.0,0.0,0.0,0.0,0.0,0.0,0.0,0.0,1.0,0.0,1.0,0.0,0.0,0.0
1,0,0.0,1.0,0.017439496,0.008320754,0.016438404,0.003311823,0.02763179,0.00831167,0.010998722,2.0731484e-06,0.110453114,0.047813904,0.687232,0.06817656,0.0055126925,0.0017216654,0.006709241,0.0,0.0,0.0,0.0,0.0,0.0,0.0,0.0,0.0,1.0,0.0,1.0,0.0,0.0,0.0
1,0,0.0,1.0,0.04008723,0.026693607,0.032636832,0.008219359,0.060511936,0.037003152,0.009825105,1.3756268e-05,0.2700616,0.014590912,0.5098186,0.024340607,0.00721339,0.0023871253,0.025717512,0.0,0.0,0.0,0.0,0.0,0.0,0.0,0.0,0.0,1.0,0.0,1.0,0.0,0.0,0.0
1,0,0.0,1.0,0.0708075,0.0016511824,0.003997228,0.00016220937,0.009737898,0.013641531,0.036516573,0.00096825213,0.07967908,0.017249065,0.71262246,0.0872087,0.011582985,0.0028818138,0.010770414,0.0,0.0,0.0,0.0,0.0,0.0,0.0,0.0,0.0,1.0,0.0,1.0,0.0,0.0,0.0
1,0,0.0,1.0,0.080956236,0.0033696617,0.027444512,0.00052930036,0.057612434,0.0066946545,0.0007127832,0.00046044655,0.5519758,0.08283517,0.3756793,0.032689475,0.0026517273,0.002001458,0.017152473,0.0,0.0,0.0,0.0,0.0,0.0,0.0,0.0,0.0,1.0,0.0,1.0,0.0,0.0,0.0
1,0,0.0,1.0,0.050938997,0.002498272,0.016918648,0.0015140632,0.0603761,0.0099006435,0.009404732,4.949948e-05,0.16282825,0.068646185,0.60951567,0.08909886,0.010701288,0.0024140084,0.012721738,0.0,0.0,0.0,0.0,0.0,0.0,0.0,0.0,0.0,1.0,0.0,1.0,0.0,0.0,0.0
1,0,0.0,1.0,0.10813794,0.028633226,0.053397473,0.007202552,0.036899984,0.0070317234,0.005702951,0.00028032748,0.2673126,0.009481493,0.5215544,0.06424502,0.0026484756,0.018941646,0.029668834,0.0,0.0,0.0,0.0,0.0,0.0,0.0,0.0,0.0,1.0,0.0,1.0,0.0,0.0,0.0
1,0,0.0,1.0,0.2931244,0.01503719,0.052324012,0.004298598,0.10346363,0.0031814491,0.0036154997,0.00013413807,0.23657031,0.08774808,0.35640872,0.046579897,0.010827382,0.0042444826,0.016577112,0.0,0.0,0.0,0.0,0.0,0.0,0.0,0.0,0.0,1.0,0.0,1.0,0.0,0.0,0.0
1,0,0.0,1.0,0.08833704,0.0038118004,0.108779624,0.07154586,0.08253654,0.0030844253,0.0050892252,1.8538343e-05,0.22579326,0.034234907,0.4071619,0.06941871,0.005712214,0.008706852,0.031046283,0.0,0.0,0.0,0.0,0.0,0.0,0.0,0.0,0.0,1.0,0.0,1.0,0.0,0.0,0.0
1,0,0.0,1.0,0.2225975,0.000962236,0.10394896,0.0057126987,0.29607606,0.028649405,0.0021528013,0.0016373964,0.17192023,0.04783846,0.29139808,0.06940568,0.05783603,0.010362175,0.016684571,0.0,0.0,0.0,0.0,0.0,0.0,0.0,0.0,0.0,1.0,0.0,1.0,0.0,0.0,0.0
1,0,0.0,1.0,0.12317004,0.0052880566,0.045070324,0.018203128,0.044670735,0.001053741,0.0039807516,0.00012496971,0.4083949,0.015056625,0.46011788,0.05939871,0.005880806,0.012321102,0.002451508,0.0,0.0,0.0,0.0,0.0,0.0,0.0,0.0,0.0,1.0,0.0,1.0,0.0,0.0,0.0
1,0,0.0,1.0,0.21137232,0.009927182,0.028687447,0.001350149,0.008944145,0.00937832,0.013809891,0.00019441918,0.21277073,0.014386114,0.61171114,0.033686507,0.011378916,0.03342075,0.008360367,0.0,0.0,0.0,0.0,0.0,0.0,0.0,0.0,0.0,1.0,0.0,1.0,0.0,0.0,0.0
1,0,0.0,1.0,0.05936303,0.022915525,0.02510282,0.0039716344,0.0165177,0.0035093548,0.010950907,0.00032544608,0.13524935,0.05388982,0.6469547,0.0344525,0.0023194964,0.002781888,0.030376496,0.0,0.0,0.0,0.0,0.0,0.0,0.0,0.0,0.0,1.0,0.0,1.0,0.0,0.0,0.0
1,0,0.0,1.0,0.13545519,0.016120903,0.03706192,0.0022760786,0.096240714,0.002677171,0.010211773,3.5188736e-05,0.12314798,0.013072409,0.56370866,0.04064271,0.018233135,0.0076024765,0.010299771,0.0,0.0,0.0,0.0,0.0,0.0,0.0,0.0,0.0,1.0,0.0,1.0,0.0,0.0,0.0
1,0,0.0,1.0,0.092779845,0.0020753893,0.047376398,0.00032426888,0.10144092,0.049603943,0.00073734287,0.00040020765,0.15725075,0.12881526,0.35158402,0.109167896,0.030266529,0.0034300506,0.021440482,0.0,0.0,0.0,0.0,0.0,0.0,0.0,0.0,0.0,1.0,0.0,1.0,0.0,0.0,0.0
1,0,0.0,1.0,0.05143845,0.010402304,0.039862785,0.0029177205,0.03840946,0.092815615,0.0058458582,1.2302432e-05,0.2776259,0.06646243,0.38647428,0.098343864,0.027181264,0.008549899,0.028537143,0.0,0.0,0.0,0.0,0.0,0.0,0.0,0.0,0.0,1.0,0.0,1.0,0.0,0.0,0.0
1,0,0.0,1.0,0.08945751,0.005897165,0.05171852,0.0051216413,0.11577014,0.02885027,0.040635142,0.00032116668,0.43722585,0.053355645,0.33275944,0.057902478,0.025362475,0.04215033,0.03707317,0.0,0.0,0.0,0.0,0.0,0.0,0.0,0.0,0.0,1.0,0.0,1.0,0.0,0.0,0.0
1,0,0.0,1.0,0.27873385,0.103370376,0.04604477,0.0034865907,0.07197876,0.0010347014,0.011288516,0.00074052,0.14432433,0.03511866,0.4658374,0.07114348,0.0040311413,0.0037011781,0.0009320115,0.0,0.0,0.0,0.0,0.0,0.0,0.0,0.0,0.0,1.0,0.0,1.0,0.0,0.0,0.0
1,0,0.0,1.0,0.09325237,0.002371727,0.03097172,0.0017292439,0.21927452,0.008669964,0.010875971,7.338622e-05,0.19071415,0.04853615,0.37447992,0.14313062,0.0176757,0.0050001494,0.014030133,0.0,0.0,0.0,0.0,0.0,0.0,0.0,0.0,0.0,1.0,0.0,1.0,0.0,0.0,0.0
1,0,0.0,1.0,0.14326295,0.024889609,0.047508985,0.007685941,0.040746614,0.10800495,0.025530787,0.0011850061,0.15163822,0.05273181,0.5523805,0.030714592,0.022050884,0.0075130304,0.05350292,0.0,0.0,0.0,0.0,0.0,0.0,0.0,0.0,0.0,1.0,0.0,1.0,0.0,0.0,0.0
1,0,0.0,1.0,0.07189965,0.009716278,0.022593537,0.00020453968,0.016748063,0.01449855,0.01191811,0.002635746,0.21271963,0.032238256,0.5179408,0.07932822,0.005690778,0.00054121634,0.045027528,0.0,0.0,0.0,0.0,0.0,0.0,0.0,0.0,0.0,1.0,0.0,1.0,0.0,0.0,0.0
1,0,0.0,1.0,0.045976978,0.02001412,0.015183992,0.0015437331,0.027946612,0.012647021,0.049058996,0.00011472762,0.18286976,0.035122488,0.5328528,0.03835038,0.05378092,0.02026425,0.025685726,0.0,0.0,0.0,0.0,0.0,0.0,0.0,0.0,0.0,1.0,0.0,1.0,0.0,0.0,0.0
1,0,0.0,1.0,0.085686,0.0067833816,0.034678042,0.00065814744,0.076462984,0.0812876,0.11231504,0.0003725141,0.13307276,0.06429219,0.48791423,0.11221254,0.051368155,0.018473322,0.021174807,0.0,0.0,0.0,0.0,0.0,0.0,0.0,0.0,0.0,1.0,0.0,1.0,0.0,0.0,0.0
1,0,0.0,1.0,0.04120796,0.005665305,0.00930115,0.011924913,0.032050166,0.0019912196,0.0030103321,1.993436e-05,0.21209271,0.018324293,0.6636674,0.09295037,0.0168249,0.014990507,0.00093774963,0.0,0.0,0.0,0.0,0.0,0.0,0.0,0.0,0.0,1.0,0.0,1.0,0.0,0.0,0.0
1,0,0.0,1.0,0.25105658,0.016736047,0.069262125,0.0036992393,0.11029795,0.0075404295,0.012513075,0.0037357362,0.1358475,0.061701454,0.51925206,0.054502085,0.010929795,0.008091001,0.026667787,0.0,0.0,0.0,0.0,0.0,0.0,0.0,0.0,0.0,1.0,0.0,1.0,0.0,0.0,0.0
1,0,0.0,1.0,0.1256187,0.014939624,0.0423186,0.013567164,0.08593732,0.008720155,0.008525177,0.00023364279,0.27924088,0.0154389255,0.3924818,0.060047466,0.021828618,0.0041057,0.06396911,0.0,0.0,0.0,0.0,0.0,0.0,0.0,0.0,0.0,1.0,0.0,1.0,0.0,0.0,0.0
1,0,0.0,1.0,0.015528887,0.010665529,0.028606933,0.0009137227,0.007704052,0.0070878863,0.004046905,0.0003268593,0.18722738,0.068438075,0.55615014,0.12401141,0.012046387,0.00088427344,0.0039179637,0.0,0.0,0.0,0.0,0.0,0.0,0.0,0.0,0.0,1.0,0.0,1.0,0.0,0.0,0.0
1,0,0.0,1.0,0.059759483,6.216908e-05,0.035462037,0.0002891799,0.04543062,0.0022540102,0.004492424,0.00017824818,0.2431857,0.034618247,0.6208361,0.07359311,0.011846058,0.0038170319,0.007278296,0.0,0.0,0.0,0.0,0.0,0.0,0.0,0.0,0.0,1.0,0.0,1.0,0.0,0.0,0.0
1,0,0.0,1.0,0.104376934,0.0053145313,0.0143697085,0.010054382,0.22653195,0.006666849,0.004517495,0.0015659784,0.15727863,0.06172627,0.4944857,0.031129662,0.016991887,0.004208828,0.007843883,0.0,0.0,0.0,0.0,0.0,0.0,0.0,0.0,0.0,1.0,0.0,1.0,0.0,0.0,0.0
1,0,0.0,1.0,0.13412341,0.017964594,0.04829985,0.0012270263,0.065014355,0.0024347538,0.010600468,0.003580917,0.20619464,0.02993991,0.5389304,0.04060043,0.007659834,0.0041776234,0.005563165,0.0,0.0,0.0,0.0,0.0,0.0,0.0,0.0,0.0,1.0,0.0,1.0,0.0,0.0,0.0
1,0,0.0,1.0,0.14888412,0.018272322,0.06798795,0.026499642,0.049638655,0.02905909,0.038882606,0.00026803167,0.19518283,0.050442107,0.3714176,0.037626605,0.0686725,0.013650947,0.07958647,0.0,0.0,0.0,0.0,0.0,0.0,0.0,0.0,0.0,1.0,0.0,1.0,0.0,0.0,0.0
1,0,0.0,1.0,0.024191374,0.0035839668,0.045026768,0.027173366,0.02400063,0.0027351803,0.0075693605,4.0679097e-05,0.35507578,0.054814715,0.41023743,0.042660285,0.012320841,0.015067136,0.0542872,0.0,0.0,0.0,0.0,0.0,0.0,0.0,0.0,0.0,1.0,0.0,1.0,0.0,0.0,0.0
1,0,0.0,1.0,0.15019166,0.053366825,0.06174613,0.0032880625,0.18854435,0.02568452,0.038732767,0.00017044236,0.28312907,0.04620188,0.22356626,0.07749059,0.042935327,0.010626976,0.021143332,0.0,0.0,0.0,0.0,0.0,0.0,0.0,0.0,0.0,1.0,0.0,1.0,0.0,0.0,0.0
1,0,0.0,1.0,0.05158818,0.0027289402,0.06300423,0.0050023603,0.17267303,0.0014536924,0.00270669,0.0009888601,0.31908754,0.06631312,0.34630996,0.073773205,0.023423746,0.0018161141,0.0059614214,0.0,0.0,0.0,0.0,0.0,0.0,0.0,0.0,0.0,1.0,0.0,1.0,0.0,0.0,0.0
1,0,0.0,1.0,0.042908885,0.073877215,0.017522596,0.0050758426,0.011222375,0.00086774735,0.014442578,0.00010438947,0.33993018,0.011599271,0.6337059,0.050961733,0.0100685805,0.03966927,0.0051338384,0.0,0.0,0.0,0.0,0.0,0.0,0.0,0.0,0.0,1.0,0.0,1.0,0.0,0.0,0.0
1,0,0.0,1.0,0.102758974,0.010687374,0.045516703,0.011698875,0.0619572,0.018086217,0.021679148,0.0009539892,0.48393908,0.017233351,0.46475172,0.044771206,0.010331204,0.03526176,0.00850422,0.0,0.0,0.0,0.0,0.0,0.0,0.0,0.0,0.0,1.0,0.0,1.0,0.0,0.0,0.0
1,0,0.0,1.0,0.2768886,0.026519164,0.008267836,0.017114827,0.02831494,0.02814177,0.01668066,0.0011860083,0.16708101,0.0050256834,0.6708494,0.036318693,0.010549761,0.018708147,0.011362394,0.0,0.0,0.0,0.0,0.0,0.0,0.0,0.0,0.0,1.0,0.0,1.0,0.0,0.0,0.0
1,0,0.0,1.0,0.03094047,0.005302634,0.016339546,0.0026241215,0.013822542,0.026556345,0.022253854,0.0003484569,0.2500454,0.010666994,0.6154817,0.052223492,0.012136144,0.0069803186,0.006749837,0.0,0.0,0.0,0.0,0.0,0.0,0.0,0.0,0.0,1.0,0.0,1.0,0.0,0.0,0.0
1,0,0.0,1.0,0.063999884,0.02852277,0.029411491,0.0038983284,0.023384547,0.0040484467,0.005502418,8.212911e-06,0.23392464,0.026386732,0.6051724,0.027360445,0.0048069027,0.006093102,0.0054724636,0.0,0.0,0.0,0.0,0.0,0.0,0.0,0.0,0.0,1.0,0.0,1.0,0.0,0.0,0.0
1,0,0.0,1.0,0.21292125,0.010168573,0.13540821,0.0057263547,0.2037139,0.042729814,0.009606376,0.0004948117,0.25825602,0.10411499,0.3402546,0.06569247,0.021137236,0.020984137,0.0037166395,0.0,0.0,0.0,0.0,0.0,0.0,0.0,0.0,0.0,1.0,0.0,1.0,0.0,1.0,0.0
1,0,0.0,1.0,0.12306147,0.0062556043,0.010284292,0.006442868,0.018330667,0.010338227,0.0052521704,0.00017938184,0.15231892,0.06296096,0.5325617,0.08169938,0.0015573679,0.0011086415,0.023554508,0.0,0.0,0.0,0.0,0.0,0.0,0.0,0.0,0.0,1.0,0.0,1.0,0.0,0.0,0.0
1,0,0.0,1.0,0.124165684,0.0520978,0.04442055,0.017936353,0.14393704,0.007237107,0.001571582,2.2685199e-05,0.3324589,0.013775184,0.37731,0.059171673,0.0037443088,0.007918492,0.014370479,0.0,0.0,0.0,0.0,0.0,0.0,0.0,0.0,0.0,1.0,0.0,1.0,0.0,0.0,0.0
1,0,0.0,1.0,0.2347795,0.006517196,0.092406,0.0011752112,0.13215421,0.013533855,0.015637072,0.0021282225,0.24069975,0.10222832,0.2697902,0.16045061,0.034898806,0.05562054,0.036630377,0.0,0.0,0.0,0.0,0.0,0.0,0.0,0.0,0.0,1.0,0.0,1.0,0.0,0.0,0.0
1,0,0.0,1.0,0.12577704,0.004197368,0.009414114,0.0009851285,0.008162945,0.014622525,0.004460952,0.00979681,0.16774888,0.023195155,0.7890202,0.02065217,0.0019426545,0.0031088784,0.0035259288,0.0,0.0,0.0,0.0,0.0,0.0,0.0,0.0,0.0,1.0,0.0,1.0,0.0,0.0,0.0
1,0,0.0,1.0,0.055845577,0.0048176222,0.020525863,0.00029596812,0.023290493,0.0020914357,0.005370446,0.00012015206,0.12689859,0.025606,0.6655044,0.084610306,0.0035415273,0.010774647,0.007877765,0.0,0.0,0.0,0.0,0.0,0.0,0.0,0.0,0.0,1.0,0.0,1.0,0.0,0.0,0.0
1,0,0.0,1.0,0.07612424,0.006315693,0.038518574,0.010141602,0.15009557,0.0122267995,0.023359416,0.013571632,0.23302,0.10029009,0.3986005,0.056082215,0.025171632,0.01010999,0.019330906,0.0,0.0,0.0,0.0,0.0,0.0,0.0,0.0,0.0,1.0,0.0,1.0,0.0,0.0,0.0
1,0,0.0,1.0,0.10204829,0.004226401,0.059534747,0.0009880126,0.034666233,0.002689315,0.02102121,0.00012247098,0.15724006,0.06875831,0.5667363,0.056859825,0.003938446,0.005832969,0.033460684,0.0,0.0,0.0,0.0,0.0,0.0,0.0,0.0,0.0,1.0,0.0,1.0,0.0,0.0,0.0
1,0,0.0,1.0,0.06071666,0.016473854,0.1958832,0.015612076,0.07118012,0.0021782357,0.0029146827,0.00014847035,0.41195893,0.02201611,0.4126908,0.009554159,0.039410375,0.0053420924,0.08555407,0.0,0.0,0.0,0.0,0.0,0.0,0.0,0.0,0.0,1.0,0.0,1.0,0.0,0.0,0.0
1,0,0.0,1.0,0.01695241,0.0014401821,0.003519719,0.00052909733,0.0074376003,0.0021012172,0.003150126,3.9468314e-06,0.38766432,0.006517598,0.66506803,0.01597221,0.0018846187,0.0068932343,0.023268288,0.0,0.0,0.0,0.0,0.0,0.0,0.0,0.0,0.0,1.0,0.0,1.0,0.0,0.0,0.0
1,0,0.0,1.0,0.10244633,0.03243034,0.019667365,0.0050855465,0.011072443,0.0010686417,0.0024051894,0.0019085121,0.20435354,0.07084142,0.45883134,0.12549423,0.0061837523,0.016763832,0.011253769,0.0,0.0,0.0,0.0,0.0,0.0,0.0,0.0,0.0,1.0,0.0,1.0,0.0,0.0,0.0
1,0,0.0,1.0,0.17858388,0.0015405766,0.014938522,0.004614414,0.024993429,0.009017749,0.01652287,0.0005114829,0.13139698,0.041379023,0.4709286,0.13263762,0.0067869546,0.0034504232,0.039505493,0.0,0.0,0.0,0.0,0.0,0.0,0.0,0.0,0.0,1.0,0.0,1.0,0.0,0.0,0.0
1,0,0.0,1.0,0.091015704,0.0058998885,0.045509897,0.0021333862,0.07234672,0.003270081,0.01446627,0.0002021788,0.25015184,0.19599317,0.48383984,0.088697575,0.024337316,0.005255759,0.08323962,0.0,0.0,0.0,0.0,0.0,0.0,0.0,0.0,0.0,1.0,0.0,1.0,0.0,0.0,0.0
1,0,0.0,1.0,0.06529927,0.017271567,0.20822157,0.021469213,0.08092721,0.0014695044,0.003878947,0.00013242543,0.35613668,0.02459321,0.4641371,0.008843338,0.030840399,0.006260503,0.07596994,0.0,0.0,0.0,0.0,0.0,0.0,0.0,0.0,0.0,1.0,0.0,1.0,0.0,0.0,0.0
1,0,0.0,1.0,0.08890878,0.001662067,0.041903418,0.0045980345,0.036072917,0.0064847725,0.0036622135,0.0009906462,0.17329763,0.035864223,0.62900025,0.05439269,0.009443152,0.010203535,0.026444294,0.0,0.0,0.0,0.0,0.0,0.0,0.0,0.0,0.0,1.0,0.0,1.0,0.0,0.0,0.0
1,0,0.0,1.0,0.25255418,0.030754741,0.008423139,0.0016754981,0.14947794,0.006310461,0.0015317621,0.0059543,0.20856243,0.08142701,0.34144107,0.038760792,0.041018765,0.00034738454,0.010977155,0.0,0.0,0.0,0.0,0.0,0.0,0.0,0.0,0.0,1.0,0.0,1.0,0.0,0.0,0.0
1,0,0.0,1.0,0.05421988,0.0026524297,0.0288345,0.0013583336,0.020670222,0.011945127,0.013002327,0.00013851457,0.13426846,0.06653758,0.5088472,0.12151984,0.009652259,0.0031153196,0.012566824,0.0,0.0,0.0,0.0,0.0,0.0,0.0,0.0,0.0,1.0,0.0,1.0,0.0,0.0,0.0
1,0,0.0,1.0,0.13551475,0.0004953435,0.010501655,0.0024974595,0.029051552,0.023497326,0.009977681,0.00016092008,0.19965702,0.013055668,0.6506233,0.016669832,0.027804734,0.0049939067,0.0028686202,0.0,0.0,0.0,0.0,0.0,0.0,0.0,0.0,0.0,1.0,0.0,1.0,0.0,0.0,0.0
1,0,0.0,1.0,0.15490766,0.021376232,0.070546865,0.0047631525,0.1237271,0.0263892,0.022054428,0.00018347449,0.17527881,0.07845163,0.2755496,0.0857087,0.039732836,0.012820967,0.09569268,0.0,0.0,0.0,0.0,0.0,0.0,0.0,0.0,0.0,1.0,0.0,1.0,0.0,0.0,0.0
1,0,0.0,1.0,0.04371338,0.0032971122,0.04018623,0.0031843071,0.066794135,0.010153744,0.002240386,0.00031956015,0.21506657,0.18753102,0.4773807,0.051800083,0.008596524,0.0012785803,0.009259099,0.0,0.0,0.0,0.0,0.0,0.0,0.0,0.0,0.0,1.0,0.0,1.0,0.0,0.0,0.0
1,0,0.0,1.0,0.08159355,0.020270556,0.031439286,0.03395954,0.024247503,0.029377274,0.018622508,4.233364e-05,0.23736687,0.033931866,0.5353681,0.10833917,0.032601487,0.013308237,0.004655183,0.0,0.0,0.0,0.0,0.0,0.0,0.0,0.0,0.0,1.0,0.0,1.0,0.0,0.0,0.0
1,0,0.0,1.0,0.32182878,0.05712597,0.04719314,0.0010796742,0.06922917,0.0125264395,0.015579939,5.495995e-06,0.09128387,0.07778607,0.41648617,0.04729064,0.023954904,0.017913487,0.011738094,0.0,0.0,0.0,0.0,0.0,0.0,0.0,0.0,0.0,1.0,0.0,1.0,0.0,0.0,0.0
1,0,0.0,1.0,0.11686392,0.0017894326,0.01832927,0.0038056418,0.06350099,0.00049658783,0.003136556,5.421528e-05,0.17193256,0.04122997,0.7368018,0.05621595,0.008282111,0.0045970418,0.008339761,0.0,0.0,0.0,0.0,0.0,0.0,0.0,0.0,0.0,1.0,0.0,1.0,0.0,0.0,0.0
1,0,0.0,1.0,0.07149124,0.005063115,0.07953612,0.0022055758,0.12110445,0.030434089,0.007574832,3.8806007e-05,0.21511519,0.06937758,0.33179307,0.080735505,0.011647674,0.011449055,0.053415988,0.0,0.0,0.0,0.0,0.0,0.0,0.0,0.0,0.0,1.0,0.0,1.0,0.0,0.0,0.0
1,0,0.0,1.0,0.09534425,0.026062481,0.21538356,0.009833885,0.12728253,0.0014472675,0.0017996766,0.0003130074,0.36202082,0.025649082,0.37507924,0.0090163555,0.037853748,0.0024412747,0.102479205,0.0,0.0,0.0,0.0,0.0,0.0,0.0,0.0,0.0,1.0,0.0,1.0,0.0,0.0,0.0
1,0,0.0,1.0,0.035417244,0.03686226,0.012916697,0.001920801,0.0200581,0.0027202233,0.09649161,0.00010335579,0.056605604,0.021297138,0.80162483,0.031937536,0.006546899,0.009299745,0.018802606,0.0,0.0,0.0,0.0,0.0,0.0,0.0,0.0,0.0,1.0,0.0,1.0,0.0,0.0,0.0
1,0,0.0,1.0,0.040885523,0.0038964937,0.022599837,0.009803923,0.012980365,0.003901275,0.0024825826,2.0624071e-05,0.103092946,0.012023569,0.863259,0.029448455,0.002069938,0.009956888,0.011676109,0.0,0.0,0.0,0.0,0.0,0.0,0.0,0.0,0.0,1.0,0.0,1.0,0.0,0.0,0.0
1,0,0.0,1.0,0.16539824,0.004807471,0.060682394,0.009210789,0.14185876,0.001818962,0.0092149405,0.00062743947,0.15358919,0.00903095,0.6148057,0.061099824,0.015056314,0.015105247,0.0033508788,0.0,0.0,0.0,0.0,0.0,0.0,0.0,0.0,0.0,1.0,0.0,1.0,0.0,0.0,0.0
1,0,0.0,1.0,0.12163615,0.0057932776,0.019495228,0.0018510665,0.038350947,0.030928453,0.015086913,0.00020085167,0.2719292,0.08468782,0.3713978,0.053474482,0.024329627,0.010985719,0.008212683,0.0,0.0,0.0,0.0,0.0,0.0,0.0,0.0,0.0,1.0,0.0,1.0,0.0,0.0,0.0
1,0,0.0,1.0,0.09709139,0.008794433,0.013607158,0.003449418,0.057346925,0.030160572,0.045224383,0.023408726,0.08707682,0.13924418,0.5325694,0.075357676,0.034026492,0.006046751,0.022034928,0.0,0.0,0.0,0.0,0.0,0.0,0.0,0.0,0.0,1.0,0.0,1.0,0.0,0.0,0.0
1,0,0.0,1.0,0.28260934,0.046880484,0.05478395,0.038825322,0.40422085,0.017164333,0.013798058,4.4802975e-05,0.17334427,0.0604304,0.2082158,0.08246812,0.026666569,0.015616944,0.04875652,0.0,0.0,0.0,0.0,0.0,0.0,0.0,0.0,0.0,1.0,0.0,1.0,0.0,0.0,0.0
1,0,0.0,1.0,0.054233853,0.0018785544,0.008772054,0.00035379457,0.031599794,0.00119494,0.0076998137,3.3023276e-05,0.26420742,0.15131375,0.5543269,0.09654325,0.0025999285,0.0009512505,0.0023529641,0.0,0.0,0.0,0.0,0.0,0.0,0.0,0.0,0.0,1.0,0.0,1.0,0.0,0.0,0.0
1,0,0.0,1.0,0.005776113,0.0036209954,0.017305115,0.017475868,0.012703322,0.0009475134,0.0073122904,0.00013380146,0.21731028,0.037830397,0.7200162,0.05344418,0.014014876,0.0029270048,0.0039691147,0.0,0.0,0.0,0.0,0.0,0.0,0.0,0.0,0.0,1.0,0.0,1.0,0.0,0.0,0.0
1,0,0.0,1.0,0.14515102,0.00035065698,0.060215965,0.000469729,0.20445868,0.08957948,0.14355399,6.752776e-05,0.3231792,0.086228445,0.20009981,0.2232664,0.17236651,0.005319651,0.124244645,0.0,0.0,0.0,0.0,0.0,0.0,0.0,0.0,0.0,1.0,0.0,1.0,0.0,0.0,0.0
1,0,0.0,1.0,0.25174642,0.00028260605,0.072837874,0.003015441,0.42476183,0.048929688,0.012191296,0.0001909433,0.122938916,0.17054804,0.3677721,0.098374605,0.020643834,0.0019416958,0.054531064,0.0,0.0,0.0,0.0,0.0,0.0,0.0,0.0,0.0,1.0,0.0,1.0,0.0,0.0,0.0
1,0,0.0,1.0,0.045927204,0.008442106,0.017675733,0.00083846453,0.035134986,0.0033092897,0.0043487633,6.9115245e-05,0.15218648,0.012996949,0.6555817,0.05580511,0.006167901,0.015844513,0.0031112202,0.0,0.0,0.0,0.0,0.0,0.0,0.0,0.0,0.0,1.0,0.0,1.0,0.0,0.0,0.0
1,0,0.0,1.0,0.13670386,0.022401521,0.03979078,0.011669388,0.28481966,0.015389312,0.012415966,0.0004298841,0.37457114,0.077808596,0.25411007,0.12378926,0.016885085,0.033989307,0.00768704,0.0,0.0,0.0,0.0,0.0,0.0,0.0,0.0,0.0,1.0,0.0,1.0,0.0,0.0,0.0
1,0,0.0,1.0,0.09851998,0.00050501904,0.017280497,0.0008671208,0.032542076,0.28515062,0.005180327,5.4564607e-05,0.2583116,0.032499228,0.42827147,0.13682158,0.028082209,0.0063664173,0.018157504,0.0,0.0,0.0,0.0,0.0,0.0,0.0,0.0,0.0,1.0,0.0,1.0,0.0,0.0,0.0
1,0,0.0,1.0,0.06325849,0.024337005,0.025397455,0.0010414986,0.024419965,0.004920437,0.010285641,0.0003066144,0.12044265,0.007154726,0.6002766,0.02370612,0.0027954027,0.0060674143,0.00642571,0.0,0.0,0.0,0.0,0.0,0.0,0.0,0.0,0.0,1.0,0.0,1.0,0.0,0.0,0.0
1,0,0.0,1.0,0.115781516,0.0075466805,0.098525785,0.027030058,0.03443545,0.05870758,0.024198184,7.792734e-05,0.24742709,0.021492425,0.37815726,0.0907148,0.032205373,0.056777455,0.022136657,0.0,0.0,0.0,0.0,0.0,0.0,0.0,0.0,0.0,1.0,0.0,1.0,0.0,0.0,0.0
1,0,0.0,1.0,0.18128686,0.012161868,0.03548574,0.009144913,0.07041336,0.014099336,0.0036171814,7.3048985e-05,0.29628214,0.012140981,0.54392576,0.032747123,0.019799396,0.016301071,0.006224168,0.0,0.0,0.0,0.0,0.0,0.0,0.0,0.0,0.0,1.0,0.0,1.0,0.0,0.0,0.0
1,0,0.0,1.0,0.063347355,0.002927198,0.02137975,0.01230694,0.097244754,0.02015451,0.03246428,5.465851e-06,0.11427062,0.0554694,0.5586534,0.07584979,0.01617126,0.0067579783,0.018024497,0.0,0.0,0.0,0.0,0.0,0.0,0.0,0.0,0.0,1.0,0.0,1.0,0.0,0.0,0.0
1,0,0.0,1.0,0.1517332,0.0032306644,0.059649434,0.0005986722,0.14653702,0.011588554,0.010224099,0.00083935476,0.12837276,0.043733038,0.5672981,0.048326246,0.02593316,0.0010657706,0.030541392,0.0,0.0,0.0,0.0,0.0,0.0,0.0,0.0,0.0,1.0,0.0,1.0,0.0,0.0,0.0
1,0,0.0,1.0,0.085821815,0.01978025,0.047688358,0.003821547,0.0966266,0.0020116905,0.011733321,6.4829605e-05,0.17969929,0.057031438,0.4030256,0.107563734,0.037742134,0.0053552566,0.0017670661,0.0,0.0,0.0,0.0,0.0,0.0,0.0,0.0,0.0,1.0,0.0,1.0,0.0,0.0,0.0
1,0,0.0,1.0,0.14048462,0.17789337,0.034597903,0.0005615395,0.022749793,0.04107416,0.031331852,0.023363648,0.13863459,0.024487557,0.37954417,0.038018256,0.05916238,0.0014800146,0.021882124,0.0,0.0,0.0,0.0,0.0,0.0,0.0,0.0,0.0,1.0,0.0,1.0,0.0,0.0,0.0
1,0,0.0,1.0,0.015549955,0.00028669278,0.0165583,0.0017687996,0.026497085,0.0020875442,0.0064367056,9.4007744e-05,0.12226333,0.055902313,0.770267,0.07514067,0.0063240924,0.0015622884,0.0022078361,0.0,0.0,0.0,0.0,0.0,0.0,0.0,0.0,0.0,1.0,0.0,1.0,0.0,0.0,0.0
1,0,0.0,1.0,0.068968855,0.00947306,0.037580356,0.0026389582,0.036421046,0.0066993656,0.00442681,0.00013628081,0.16512202,0.012108648,0.5823778,0.033354547,0.004454444,0.011407482,0.034307692,0.0,0.0,0.0,0.0,0.0,0.0,0.0,0.0,0.0,1.0,0.0,1.0,0.0,0.0,0.0
1,0,0.0,1.0,0.08413132,0.011255026,0.21599238,0.01475914,0.0987669,0.0013737816,0.001639063,0.00013666367,0.5287999,0.017947266,0.25380856,0.016609315,0.06960806,0.0041503035,0.038378567,0.0,0.0,0.0,0.0,0.0,0.0,0.0,0.0,0.0,1.0,0.0,1.0,0.0,0.0,0.0
1,0,0.0,1.0,0.11074745,0.0041809315,0.07326282,0.0022283155,0.40179375,0.015426392,0.0022071807,0.0012305035,0.211177,0.098653294,0.29708177,0.05498762,0.02168305,0.0014099744,0.011692558,0.0,0.0,0.0,0.0,0.0,0.0,0.0,0.0,0.0,1.0,0.0,1.0,0.0,0.0,0.0
1,0,0.0,1.0,0.25828126,0.021463273,0.046472125,0.0032779702,0.07201196,0.0019620368,0.007684542,0.00018153455,0.1343885,0.035223838,0.47444984,0.015069322,0.012128771,0.011885776,0.0025535296,0.0,0.0,0.0,0.0,0.0,0.0,0.0,0.0,0.0,1.0,0.0,1.0,0.0,0.0,0.0
1,0,0.0,1.0,0.445947,0.050805897,0.23880026,0.005189499,0.2916288,0.0422018,0.010504077,0.00038553675,0.37094513,0.10130231,0.15143777,0.049975406,0.02481243,0.026815845,0.051740486,0.0,0.0,0.0,0.0,0.0,0.0,0.0,0.0,0.0,1.0,0.0,1.0,0.0,0.0,0.0
1,0,0.0,1.0,0.1064573,0.022085264,0.024772055,0.0038289807,0.05661515,0.03271524,0.0047010332,0.0003611954,0.18862203,0.10931206,0.48500457,0.050980672,0.009453814,0.0016414962,0.007783055,0.0,0.0,0.0,0.0,0.0,0.0,0.0,0.0,0.0,1.0,0.0,1.0,0.0,0.0,0.0
1,0,0.0,1.0,0.06361001,0.0036172522,0.031687547,0.0017581364,0.025911259,0.0034764758,0.006747967,9.245824e-05,0.19218434,0.016743626,0.6411846,0.057414226,0.0057652025,0.0013065657,0.045685004,0.0,0.0,0.0,0.0,0.0,0.0,0.0,0.0,0.0,1.0,0.0,1.0,0.0,0.0,0.0
1,0,0.0,1.0,0.12083643,0.023572296,0.039461277,0.0025729488,0.036171865,0.007041799,0.003044723,0.00010749512,0.17267895,0.049399626,0.5473762,0.10941926,0.0151202865,0.0058084712,0.008517502,0.0,0.0,0.0,0.0,0.0,0.0,0.0,0.0,0.0,1.0,0.0,1.0,0.0,0.0,0.0
1,0,0.0,1.0,0.029875098,0.0025213608,0.018635243,0.002721763,0.045541298,0.0038084488,0.0072611105,0.001185984,0.29244646,0.022317316,0.6035979,0.05162123,0.005109379,0.028916024,0.012260143,0.0,0.0,0.0,0.0,0.0,0.0,0.0,0.0,0.0,1.0,0.0,1.0,0.0,1.0,0.0
1,0,0.0,1.0,0.020354362,0.00047234198,0.017897218,0.005981572,0.024744136,0.0010828349,0.007804948,5.303015e-05,0.14997295,0.030348068,0.6717719,0.04961377,0.002625908,0.0018667883,0.021168415,0.0,0.0,0.0,0.0,0.0,0.0,0.0,0.0,0.0,1.0,0.0,1.0,0.0,0.0,0.0
1,0,0.0,1.0,0.21068642,0.0012814099,0.0877481,0.001313361,0.21633291,0.09502683,0.029443411,0.00010624493,0.21469902,0.13290991,0.2532475,0.11361294,0.053303674,0.012467013,0.1609044,0.0,0.0,0.0,0.0,0.0,0.0,0.0,0.0,0.0,1.0,0.0,1.0,0.0,0.0,0.0
1,0,0.0,1.0,0.046433724,0.033183936,0.008651748,0.00735388,0.016762283,0.002315634,0.010475084,0.00015354512,0.14837608,0.05125725,0.58557254,0.04724999,0.0073378896,0.0036433344,0.02112476,0.0,0.0,0.0,0.0,0.0,0.0,0.0,0.0,0.0,1.0,0.0,1.0,0.0,0.0,0.0
1,0,0.0,1.0,0.09572618,0.0074914647,0.0135772005,0.014379091,0.033694007,0.0042634015,0.014244028,6.014261e-05,0.19043486,0.01131998,0.6794878,0.018532587,0.0049884436,0.0069280923,0.011929998,0.0,0.0,0.0,0.0,0.0,0.0,0.0,0.0,0.0,1.0,0.0,1.0,0.0,0.0,0.0
1,0,0.0,1.0,0.054509357,0.00979879,0.022228023,0.0038264957,0.15014198,0.01060426,0.017929683,0.0001860098,0.21421583,0.043611996,0.500176,0.038644895,0.022886097,0.004784886,0.011693819,0.0,0.0,0.0,0.0,0.0,0.0,0.0,0.0,0.0,1.0,0.0,1.0,0.0,0.0,0.0
1,0,0.0,1.0,0.040167786,0.004392568,0.018969968,0.0012414284,0.028794013,0.010417522,0.0054070232,0.00018967672,0.17314804,0.009661562,0.75005585,0.04504861,0.0037919006,0.0015685839,0.005041784,0.0,0.0,0.0,0.0,0.0,0.0,0.0,0.0,0.0,1.0,0.0,1.0,0.0,0.0,0.0
1,0,0.0,1.0,0.22834025,0.106619336,0.063221,0.0051031797,0.17349587,0.025967166,0.028976658,0.006140199,0.19720635,0.06676994,0.4224336,0.031152064,0.027758686,0.008528814,0.046947513,0.0,0.0,0.0,0.0,0.0,0.0,0.0,0.0,0.0,1.0,0.0,1.0,0.0,0.0,0.0
1,0,0.0,1.0,0.21369852,0.017125845,0.02277092,0.0022303658,0.039697275,0.00243567,0.0034361866,0.0025673416,0.19311942,0.02887096,0.4336435,0.03447838,0.0040719206,0.043619495,0.033722673,0.0,0.0,0.0,0.0,0.0,0.0,0.0,0.0,0.0,1.0,0.0,1.0,0.0,0.0,0.0
1,0,0.0,1.0,0.03934923,0.02211852,0.035359934,0.0047949944,0.049147144,0.008378366,0.049730323,0.0010596667,0.14490749,0.022995502,0.63227725,0.0755703,0.019285982,0.013067383,0.005310656,0.0,0.0,0.0,0.0,0.0,0.0,0.0,0.0,0.0,1.0,0.0,1.0,0.0,0.0,0.0
1,0,0.0,1.0,0.06380238,0.0067890314,0.022564389,0.0014675083,0.04197625,0.02011885,0.007666785,3.6218113e-05,0.1663586,0.033179846,0.56419724,0.05169687,0.00930083,0.0017888859,0.00788194,0.0,0.0,0.0,0.0,0.0,0.0,0.0,0.0,0.0,1.0,0.0,1.0,0.0,0.0,0.0
1,0,0.0,1.0,0.17185745,0.0071874354,0.030198414,0.0006055188,0.033036985,0.018416088,0.039350558,0.002445325,0.09160722,0.024567133,0.361964,0.042182278,0.016198747,0.008209161,0.0327417,0.0,0.0,0.0,0.0,0.0,0.0,0.0,0.0,0.0,1.0,0.0,1.0,0.0,0.0,0.0
1,0,0.0,1.0,0.09204115,0.019969655,0.06465179,0.011767125,0.03743871,0.0040429477,0.020731304,0.0007557793,0.25152746,0.039736688,0.46683654,0.041565906,0.027489852,0.0062391423,0.0060264743,0.0,0.0,0.0,0.0,0.0,0.0,0.0,0.0,0.0,1.0,0.0,1.0,0.0,0.0,0.0
1,0,0.0,1.0,0.15352432,0.2203268,0.058822248,0.010602989,0.1005092,0.008293873,0.02931724,0.0017216457,0.13435873,0.035510004,0.43974605,0.028129019,0.043981627,0.027606804,0.010344601,0.0,0.0,0.0,0.0,0.0,0.0,0.0,0.0,0.0,1.0,0.0,1.0,0.0,0.0,0.0
1,0,0.0,1.0,0.09560707,0.0072677373,0.037302267,0.006504014,0.046414472,0.0034387705,0.006399696,0.00023231753,0.1975846,0.021523718,0.6337573,0.078325085,0.012472368,0.012326006,0.016361978,0.0,0.0,0.0,0.0,0.0,0.0,0.0,0.0,0.0,1.0,0.0,1.0,0.0,0.0,0.0
1,0,0.0,1.0,0.043415364,0.0009720418,0.039923746,0.003252748,0.07014779,0.01582402,0.00039215805,0.001620971,0.17220967,0.046850536,0.64245677,0.099597745,0.010640899,0.0064956658,0.0060824757,0.0,0.0,0.0,0.0,0.0,0.0,0.0,0.0,0.0,1.0,0.0,1.0,0.0,0.0,0.0
1,0,0.0,1.0,0.07867347,0.003373834,0.12236471,0.019341694,0.12794392,0.018958963,0.007045918,5.8242535e-05,0.31332746,0.041744817,0.3398979,0.10170152,0.016820878,0.004472652,0.088485315,0.0,0.0,0.0,0.0,0.0,0.0,0.0,0.0,0.0,1.0,0.0,1.0,0.0,0.0,0.0
1,0,0.0,1.0,0.075668775,0.0025516867,0.041999977,0.0019884044,0.19918889,0.0030487245,0.013012618,0.00023160625,0.1503227,0.35254198,0.44052342,0.083191074,0.021319032,0.009574613,0.016409336,0.0,0.0,0.0,0.0,0.0,0.0,0.0,0.0,0.0,1.0,0.0,1.0,0.0,0.0,0.0
1,0,0.0,1.0,0.03917569,0.0037811839,0.032800388,0.0049575972,0.05752749,0.0052167615,0.017684361,0.00089713116,0.1792577,0.10277183,0.47171494,0.08694521,0.01918103,0.0021347448,0.012085892,0.0,0.0,0.0,0.0,0.0,0.0,0.0,0.0,0.0,1.0,0.0,1.0,0.0,0.0,0.0
1,0,0.0,1.0,0.026938979,0.0037484842,0.04254474,0.007302909,0.023093909,0.0040667215,0.010951083,6.7622955e-06,0.21171032,0.078622825,0.5746885,0.13067527,0.005911223,0.0037673817,0.0030749985,0.0,0.0,0.0,0.0,0.0,0.0,0.0,0.0,0.0,1.0,0.0,1.0,0.0,0.0,0.0
1,0,0.0,1.0,0.09352717,0.011552637,0.03614777,0.024754344,0.029080495,0.024994103,0.010448227,9.199231e-05,0.17036842,0.007978456,0.6016553,0.049049143,0.016783524,0.012249725,0.008702466,0.0,0.0,0.0,0.0,0.0,0.0,0.0,0.0,0.0,1.0,0.0,1.0,0.0,0.0,0.0
1,0,0.0,1.0,0.07805641,0.01681654,0.04721216,0.0026723084,0.11441293,0.004971941,0.044522744,0.001862477,0.17720939,0.052361716,0.4661129,0.0847844,0.022521868,0.008898304,0.023486234,0.0,0.0,0.0,0.0,0.0,0.0,0.0,0.0,0.0,1.0,0.0,1.0,0.0,0.0,0.0
1,0,0.0,1.0,0.051707283,0.00034371784,0.01747572,0.00059233775,0.05659394,0.015527282,0.010331438,3.231811e-06,0.14969143,0.104196854,0.59992844,0.043858502,0.009084063,0.0032501533,0.0039322497,0.0,0.0,0.0,0.0,0.0,0.0,0.0,0.0,0.0,1.0,0.0,1.0,0.0,0.0,0.0
1,0,0.0,1.0,0.12974593,0.0027525024,0.018629769,0.008835864,0.06781664,0.030271603,0.002179399,6.7819194e-05,0.27269027,0.013812379,0.5504307,0.016423864,0.008890049,0.013054126,0.0089401975,0.0,0.0,0.0,0.0,0.0,0.0,0.0,0.0,0.0,1.0,0.0,1.0,0.0,0.0,0.0
1,0,0.0,1.0,0.05337763,0.022297774,0.01964647,0.0015244096,0.04175669,0.0049341465,0.008884056,1.0448419e-05,0.2121798,0.03012815,0.51247656,0.11615863,0.016532628,0.031488806,0.016430352,0.0,0.0,0.0,0.0,0.0,0.0,0.0,0.0,0.0,1.0,0.0,1.0,0.0,1.0,0.0
1,0,0.0,1.0,0.2366907,0.0074077137,0.07910855,0.033631388,0.14611681,0.0016128648,0.017748274,6.962766e-05,0.23393312,0.09364065,0.33227485,0.06340594,0.010987814,0.01436297,0.015107205,0.0,0.0,0.0,0.0,0.0,0.0,0.0,0.0,0.0,1.0,0.0,1.0,0.0,0.0,0.0
1,0,0.0,1.0,0.10300302,0.0019171087,0.072124936,0.0024804368,0.13674042,0.0053814505,0.022476658,8.894029e-05,0.22590855,0.03659603,0.45668104,0.022630729,0.024961766,0.020345872,0.07255096,0.0,0.0,0.0,0.0,0.0,0.0,0.0,0.0,0.0,1.0,0.0,1.0,0.0,0.0,0.0
1,0,0.0,1.0,0.24603628,0.045895793,0.06937827,0.036256995,0.14365461,0.004636183,0.018778395,5.930218e-05,0.20982923,0.02793242,0.34001994,0.04399476,0.021463364,0.02867545,0.09070705,0.0,0.0,0.0,0.0,0.0,0.0,0.0,0.0,0.0,1.0,0.0,1.0,0.0,0.0,0.0
1,0,0.0,1.0,0.034362756,0.057583388,0.045025166,0.025292266,0.033369265,0.0029475118,0.010803772,0.0011342257,0.4207429,0.041559316,0.41984832,0.13090236,0.011373376,0.029707873,0.0042820694,0.0,0.0,0.0,0.0,0.0,0.0,0.0,0.0,0.0,1.0,0.0,1.0,0.0,0.0,0.0
1,0,0.0,1.0,0.02633412,0.0057727564,0.016435977,0.030214323,0.10787588,0.0007304782,0.024854863,9.671976e-05,0.19007376,0.032879554,0.45280132,0.25501424,0.011592607,0.0074542095,0.0010103687,0.0,0.0,0.0,0.0,0.0,0.0,0.0,0.0,0.0,1.0,0.0,1.0,0.0,0.0,0.0
1,0,0.0,1.0,0.16845506,0.022872202,0.04523443,0.028755592,0.10280866,0.02396006,0.008768803,0.0008208859,0.18015945,0.058806248,0.45618677,0.0390726,0.021013418,0.007655446,0.031215966,0.0,0.0,0.0,0.0,0.0,0.0,0.0,0.0,0.0,1.0,0.0,1.0,0.0,0.0,0.0
1,0,1.0,0.0,0.037225787,0.00505905,0.041663673,0.00082983746,0.019679356,0.01644405,0.008213013,0.00033735266,0.2273931,0.029021798,0.4645574,0.1264086,0.005890007,0.0022503638,0.019163657,0.0,0.0,0.0,0.0,0.0,0.0,0.0,0.0,0.0,0.0,1.0,0.0,0.0,0.0,0.0
1,0,1.0,0.0,0.08249316,0.0023634064,0.06458809,0.011336642,0.073063545,0.009180291,0.0012439786,3.191238e-05,0.30951658,0.0649781,0.39611578,0.07827297,0.0131569095,0.014346663,0.0042039463,0.0,0.0,0.0,0.0,0.0,0.0,0.0,0.0,0.0,0.0,1.0,0.0,0.0,0.0,0.0
1,0,1.0,0.0,0.34856376,0.045296643,0.052802168,0.009826876,0.32526404,0.007682251,0.0058350377,0.029318485,0.23765615,0.012958354,0.3411752,0.024311723,0.015363234,0.006815758,0.015498625,0.0,0.0,0.0,0.0,0.0,0.0,0.0,0.0,0.0,0.0,1.0,0.0,0.0,0.0,0.0
1,0,1.0,0.0,0.086749256,0.009365234,0.034856945,0.010364136,0.07762824,0.0021484625,0.0046506384,0.0002569354,0.24833532,0.031982277,0.52945626,0.02636102,0.0062308135,0.0049610026,0.0052924477,0.0,0.0,0.0,0.0,0.0,0.0,0.0,0.0,0.0,0.0,1.0,0.0,0.0,0.0,0.0
1,0,1.0,0.0,0.0899804,0.0032282134,0.03711253,0.001948635,0.015015058,0.010133396,0.0016718052,7.442898e-06,0.24551566,0.01931029,0.623527,0.039206482,0.0040413467,0.0022590195,0.049574573,0.0,0.0,0.0,0.0,0.0,0.0,0.0,0.0,0.0,0.0,1.0,0.0,0.0,0.0,0.0
1,0,1.0,0.0,0.12300309,0.0047640204,0.03040564,0.002830432,0.13280559,0.0014178912,0.001091636,5.409603e-05,0.24222742,0.05412125,0.49883994,0.043581598,0.006040114,0.0026845478,0.0018077055,0.0,0.0,0.0,0.0,0.0,0.0,0.0,0.0,0.0,0.0,1.0,0.0,0.0,0.0,0.0
1,0,1.0,0.0,0.35678047,0.016502263,0.11626143,0.039770745,0.20235884,0.14116788,0.02505608,0.00030563172,0.30662078,0.010987886,0.18932055,0.069350325,0.14863132,0.012992657,0.09896079,0.0,0.0,0.0,0.0,0.0,0.0,0.0,0.0,0.0,0.0,1.0,0.0,0.0,0.0,0.0
1,0,1.0,0.0,0.20361076,0.017671412,0.014142443,0.004766807,0.022797847,0.009332747,0.0029241976,0.017122418,0.18252891,0.016689578,0.7015264,0.021145662,0.002053609,0.0035187155,0.005592187,0.0,0.0,0.0,0.0,0.0,0.0,0.0,0.0,0.0,0.0,1.0,0.0,0.0,0.0,0.0
1,0,1.0,0.0,0.15484382,0.0100675635,0.06544387,0.0022887844,0.07861176,0.007214435,0.0322572,0.0012971151,0.24807963,0.025246942,0.329868,0.023514751,0.030602748,0.0014812964,0.03647231,0.0,0.0,0.0,0.0,0.0,0.0,0.0,0.0,0.0,0.0,1.0,0.0,0.0,0.0,0.0
1,0,1.0,0.0,0.08110261,0.004177455,0.034348138,0.003693048,0.1816475,0.025913972,0.010176006,9.5512056e-05,0.20910738,0.07852285,0.3229093,0.12186736,0.041894305,0.0069295364,0.020740861,0.0,0.0,0.0,0.0,0.0,0.0,0.0,0.0,0.0,0.0,1.0,0.0,0.0,0.0,0.0
1,0,1.0,0.0,0.21352063,0.008098712,0.012585358,0.004331568,0.057091236,0.0046540806,0.0066989944,0.00022333203,0.17182702,0.010276287,0.4474402,0.095368385,0.0068065836,0.024548125,0.013963397,0.0,0.0,0.0,0.0,0.0,0.0,0.0,0.0,0.0,0.0,1.0,0.0,0.0,0.0,0.0
1,0,1.0,0.0,0.037592795,0.0025795763,0.030175598,0.0002994967,0.034898326,0.0008094496,0.0038938702,0.00013094062,0.18534118,0.063921936,0.6580073,0.056132358,0.002592737,0.0006264129,0.00487695,0.0,0.0,0.0,0.0,0.0,0.0,0.0,0.0,0.0,0.0,1.0,0.0,0.0,0.0,0.0
1,0,1.0,0.0,0.22598308,0.005887791,0.023196092,0.0019076839,0.053484395,0.0019129007,0.003698308,0.0007067608,0.28108546,0.04494949,0.46957648,0.020075588,0.0068531283,0.005357492,0.031071585,0.0,0.0,0.0,0.0,0.0,0.0,0.0,0.0,0.0,0.0,1.0,0.0,0.0,0.0,0.0
1,0,1.0,0.0,0.22598308,0.005887791,0.023196092,0.0019076839,0.053484395,0.0019129007,0.003698308,0.0007067608,0.28108546,0.04494949,0.46957648,0.020075588,0.0068531283,0.005357492,0.031071585,0.0,0.0,0.0,0.0,0.0,0.0,0.0,0.0,0.0,0.0,1.0,0.0,0.0,0.0,0.0
1,0,1.0,0.0,0.19873801,0.023088321,0.030143563,0.025385652,0.058534622,0.01768746,0.009847922,0.022672405,0.08053316,0.05810902,0.53014934,0.061741658,0.0318228,0.02496674,0.05593015,0.0,0.0,0.0,0.0,0.0,0.0,0.0,0.0,0.0,0.0,1.0,0.0,0.0,0.0,0.0
1,0,1.0,0.0,0.057207152,0.004624092,0.00505996,0.0007733175,0.006088968,0.022544796,0.0047453823,1.5630218e-05,0.18872666,0.029215582,0.67530155,0.033640716,0.004541207,0.002181124,0.01016423,0.0,0.0,0.0,0.0,0.0,0.0,0.0,0.0,0.0,0.0,1.0,0.0,0.0,0.0,0.0
1,0,1.0,0.0,0.029533604,0.018817097,0.08811715,0.0017561492,0.050770212,0.17567861,0.021555947,0.00018282066,0.12211907,0.0385397,0.40644237,0.10355316,0.043218203,0.0064668804,0.08777973,0.0,0.0,0.0,0.0,0.0,0.0,0.0,0.0,0.0,0.0,1.0,0.0,0.0,0.0,0.0
1,0,1.0,0.0,0.19098346,0.008643986,0.025877038,0.0062441495,0.17307353,0.029243128,0.0060384683,4.5626988e-05,0.25901282,0.033778828,0.39985853,0.04284673,0.034093242,0.048287172,0.114805095,0.0,0.0,0.0,0.0,0.0,0.0,0.0,0.0,0.0,0.0,1.0,0.0,0.0,0.0,0.0
1,0,1.0,0.0,0.048428807,0.032803353,0.009009477,0.00044598535,0.0070895203,0.002436334,0.011678791,2.3726794e-05,0.10912661,0.08923672,0.60484636,0.05888599,0.007074332,0.00062612677,0.027953725,0.0,0.0,0.0,0.0,0.0,0.0,0.0,0.0,0.0,0.0,1.0,0.0,0.0,0.0,0.0
1,0,1.0,0.0,0.048926603,0.00010778058,0.057987023,0.006369371,0.03545757,0.0014172959,0.050601084,0.00044752844,0.25110546,0.0908639,0.48195684,0.076426886,0.0067683756,0.0061134766,0.03982344,0.0,0.0,0.0,0.0,0.0,0.0,0.0,0.0,0.0,0.0,1.0,0.0,0.0,0.0,0.0
1,0,1.0,0.0,0.12544638,0.0443226,0.0655396,0.0015316462,0.08240382,0.0117360195,0.02236879,0.00057328487,0.2745404,0.05409022,0.38915566,0.07839987,0.056251977,0.0025831994,0.110593885,0.0,0.0,0.0,0.0,0.0,0.0,0.0,0.0,0.0,0.0,1.0,0.0,0.0,0.0,0.0
1,0,1.0,0.0,0.046628248,0.0063172374,0.015493222,0.0020745876,0.0320169,0.012851001,0.016293181,8.792032e-06,0.17646831,0.021008031,0.55446804,0.045459107,0.01535709,0.0066169975,0.0054162983,0.0,0.0,0.0,0.0,0.0,0.0,0.0,0.0,0.0,0.0,1.0,0.0,0.0,0.0,0.0
1,0,1.0,0.0,0.08712714,0.0010757154,0.05606571,0.0024158773,0.034455325,0.017200608,0.037155937,1.0082774e-05,0.33879432,0.08129057,0.4202711,0.036211837,0.012153179,0.009323525,0.0441209,0.0,0.0,0.0,0.0,0.0,0.0,0.0,0.0,0.0,0.0,1.0,0.0,0.0,0.0,0.0
1,0,1.0,0.0,0.2703473,0.030088944,0.0555963,0.071817406,0.06815994,0.005919049,0.0071948166,0.003960097,0.20385796,0.032543954,0.55324095,0.08287567,0.026467567,0.02772132,0.0058694603,0.0,0.0,0.0,0.0,0.0,0.0,0.0,0.0,0.0,0.0,1.0,0.0,0.0,0.0,0.0
1,0,1.0,0.0,0.03211788,0.003055358,0.03406829,0.004014758,0.02409709,0.072582215,0.017789561,3.771506e-05,0.3551795,0.1062858,0.36491492,0.10036714,0.021513121,0.039416607,0.0122060105,0.0,0.0,0.0,0.0,0.0,0.0,0.0,0.0,0.0,0.0,1.0,0.0,0.0,0.0,0.0
1,0,1.0,0.0,0.3139208,0.006453937,0.06517271,0.007881019,0.27342063,0.0106205065,0.020891316,0.00038264797,0.19543089,0.01616567,0.45797795,0.03249607,0.053274058,0.012838534,0.004389245,0.0,0.0,0.0,0.0,0.0,0.0,0.0,0.0,0.0,0.0,1.0,0.0,0.0,0.0,0.0
1,0,1.0,0.0,0.17302586,0.020304456,0.024366744,0.0051359795,0.027388973,0.01537084,0.0043615415,0.0004582491,0.11898346,0.0699139,0.61059105,0.034138944,0.00894054,0.004262098,0.021758059,0.0,0.0,0.0,0.0,0.0,0.0,0.0,0.0,0.0,0.0,1.0,0.0,0.0,0.0,0.0
1,0,1.0,0.0,0.02720505,0.0002897354,0.016191315,0.0014556339,0.014287434,0.0029668068,0.0063726376,5.003289e-06,0.16499527,0.032731146,0.73461264,0.037865978,0.002353141,0.00083174935,0.055861913,0.0,0.0,0.0,0.0,0.0,0.0,0.0,0.0,0.0,0.0,1.0,0.0,0.0,0.0,0.0
1,0,1.0,0.0,0.2129782,0.0539101,0.045751758,0.021408143,0.04359571,0.0034226733,0.003939426,0.0007321488,0.14792117,0.024521753,0.5130129,0.022720065,0.01893443,0.052714307,0.008034286,0.0,0.0,0.0,0.0,0.0,0.0,0.0,0.0,0.0,0.0,1.0,0.0,0.0,0.0,0.0
1,0,1.0,0.0,0.066714846,0.004729038,0.014549307,0.00164251,0.022968179,0.0016750968,0.0032433867,3.7455266e-06,0.2470277,0.0070123337,0.6859928,0.015760541,0.0032514327,0.0024878276,0.056046844,0.0,0.0,0.0,0.0,0.0,0.0,0.0,0.0,0.0,0.0,1.0,0.0,0.0,0.0,0.0
1,0,1.0,0.0,0.07033528,0.04464193,0.019047158,0.0049349214,0.020092327,0.002738452,0.016494378,0.00044422343,0.21250048,0.042930234,0.4533845,0.16735509,0.012086304,0.012186771,0.0030870242,0.0,0.0,0.0,0.0,0.0,0.0,0.0,0.0,0.0,0.0,1.0,0.0,0.0,0.0,0.0
1,0,1.0,0.0,0.19445026,0.018115155,0.013240041,0.0002774992,0.016065197,0.009656203,0.0005919461,0.00016723412,0.26867872,0.03105096,0.6062434,0.020135459,0.0016236625,0.0020281195,0.0058179074,0.0,0.0,0.0,0.0,0.0,0.0,0.0,0.0,0.0,0.0,1.0,0.0,0.0,0.0,0.0
1,0,1.0,0.0,0.017867213,0.002548842,0.03636144,0.0024729453,0.106583774,0.01335055,0.026181623,2.5096087e-05,0.22097586,0.05450803,0.43826592,0.106714934,0.033828564,0.0053794705,0.0077458257,0.0,0.0,0.0,0.0,0.0,0.0,0.0,0.0,0.0,0.0,1.0,0.0,0.0,0.0,0.0
1,0,1.0,0.0,0.112123564,0.0007500613,0.017588366,0.0003904019,0.06258773,0.0022057993,0.002403381,0.00015585704,0.2677151,0.020911181,0.56813806,0.063319184,0.009714943,0.0045001055,0.0049523497,0.0,0.0,0.0,0.0,0.0,0.0,0.0,0.0,0.0,0.0,1.0,0.0,0.0,0.0,0.0
1,0,1.0,0.0,0.10457355,0.005290741,0.024030572,0.0007831362,0.039642453,0.020112654,0.004060884,7.25199e-05,0.14267612,0.086318925,0.6144365,0.035378657,0.014177305,0.0035950523,0.0062753,0.0,0.0,0.0,0.0,0.0,0.0,0.0,0.0,0.0,0.0,1.0,0.0,0.0,0.0,0.0
1,0,1.0,0.0,0.019899802,0.0028139947,0.011625782,0.0002731872,0.009560433,0.002755055,0.0059220344,0.00076430844,0.14439356,0.051336695,0.7470689,0.0444436,0.0095819635,0.0020148302,0.0043473123,0.0,0.0,0.0,0.0,0.0,0.0,0.0,0.0,0.0,0.0,1.0,0.0,0.0,0.0,0.0
1,0,1.0,0.0,0.23450433,0.002605794,0.14828825,0.000558141,0.12688747,0.08707044,0.012549014,2.8327471e-05,0.23236297,0.08091891,0.3164317,0.10805717,0.01908527,0.0034345752,0.14287907,0.0,0.0,0.0,0.0,0.0,0.0,0.0,0.0,0.0,0.0,1.0,0.0,0.0,0.0,0.0
1,0,1.0,0.0,0.03445753,0.00096279953,0.025132313,0.0005621079,0.011144882,0.0062527447,0.0048058764,0.00024357795,0.1672444,0.046494752,0.7028261,0.04428987,0.006326044,0.0019174609,0.01027861,0.0,0.0,0.0,0.0,0.0,0.0,0.0,0.0,0.0,0.0,1.0,0.0,0.0,0.0,0.0
