1,0,0.0,1.0,0.09563119,0.016733818,0.012383178,0.0009085676,0.08713638,0.025495436,0.06916713,0.00796467,0.12753052,0.026036762,0.4445544,0.08148067,0.0765491,0.01161837,0.026939796,0.0,0.0,0.0,0.0,0.0,0.0,0.0,0.0,0.0,1.0,0.0,1.0,0.0,0.0,0.0
1,0,0.0,1.0,0.12516563,0.02910718,0.05658144,0.0020029882,0.18796916,0.015200901,0.03715408,0.007768189,0.16423081,0.43212047,0.1731077,0.13588077,0.11385939,0.00940046,0.050182432,0.0,0.0,0.0,0.0,0.0,0.0,0.0,0.0,0.0,1.0,0.0,1.0,0.0,0.0,0.0
1,0,0.0,1.0,0.043049816,0.016953135,0.009812638,0.00077869464,0.037146598,0.017243981,0.058324307,0.006006932,0.13513683,0.018825501,0.56976026,0.052281182,0.06627829,0.007892623,0.024724431,0.0,0.0,0.0,0.0,0.0,0.0,0.0,0.0,0.0,1.0,0.0,1.0,0.0,0.0,0.0
1,0,0.0,1.0,0.048680704,0.0011422761,0.017673397,0.0010540728,0.013496067,0.005841691,0.020065244,0.00082503655,0.14335431,0.21701536,0.25446644,0.36340195,0.027410524,0.0057293014,0.009404342,0.0,0.0,0.0,0.0,0.0,0.0,0.0,0.0,0.0,1.0,0.0,1.0,0.0,0.0,0.0
1,0,0.0,1.0,0.18499854,0.027411565,0.014406108,0.0007934296,0.067847416,0.036955636,0.058613136,0.030568847,0.12992248,0.05725968,0.38651603,0.09230435,0.07217038,0.009728421,0.02510918,0.0,0.0,0.0,0.0,0.0,0.0,0.0,0.0,0.0,1.0,0.0,1.0,0.0,0.0,0.0
1,0,0.0,1.0,0.008788235,7.457159e-05,0.005500091,0.00013017573,0.0037269401,0.0034210193,0.02480034,0.00015078204,0.12702866,0.027374158,0.6211588,0.1301059,0.022563098,0.003370754,0.010988503,0.0,0.0,0.0,0.0,0.0,0.0,0.0,0.0,0.0,1.0,0.0,1.0,0.0,0.0,0.0
1,0,0.0,1.0,0.054961357,0.01577472,0.014720513,0.0011273973,0.019027505,0.02283196,0.050843578,0.0066403924,0.11021315,0.11827671,0.39754093,0.22181569,0.050346524,0.0074265627,0.01614149,0.0,0.0,0.0,0.0,0.0,0.0,0.0,0.0,0.0,1.0,0.0,1.0,0.0,0.0,0.0
1,0,0.0,1.0,0.024666972,4.9025755e-05,0.023607178,0.00072220946,0.017738067,0.0025215033,0.013018046,4.3765744e-05,0.1337013,0.3208108,0.15286823,0.50762653,0.022471137,0.0036542986,0.013000198,0.0,0.0,0.0,0.0,0.0,0.0,0.0,0.0,0.0,1.0,0.0,1.0,0.0,0.0,0.0
1,0,0.0,1.0,0.077437416,0.0014147129,0.030120779,0.00069971854,0.070215076,0.0026229273,0.007072496,0.00021448429,0.088939495,0.5972436,0.09092691,0.36685315,0.036359187,0.0023734607,0.015234229,0.0,0.0,0.0,0.0,0.0,0.0,0.0,0.0,0.0,1.0,0.0,1.0,0.0,0.0,0.0
1,0,0.0,1.0,0.13918671,0.11467747,0.037071068,0.00467602,0.15418631,0.029882573,0.06529769,0.024938004,0.15734008,0.15574566,0.25383806,0.17562564,0.09381453,0.01756727,0.032209147,0.0,0.0,0.0,0.0,0.0,0.0,0.0,0.0,0.0,1.0,0.0,1.0,0.0,0.0,0.0
1,0,0.0,1.0,0.11636758,0.009130312,0.022278208,0.0014062243,0.059877433,0.024844224,0.04197769,0.00827402,0.17679927,0.082622245,0.3997995,0.09329812,0.06661592,0.011165068,0.03366663,0.0,0.0,0.0,0.0,0.0,0.0,0.0,0.0,0.0,1.0,0.0,1.0,0.0,0.0,0.0
1,0,0.0,1.0,0.30291224,0.063921936,0.102464885,0.031546284,0.47869477,0.0072766566,0.019336078,0.004754169,0.2847559,0.09734878,0.13418406,0.073241845,0.06487666,0.036428228,0.028218158,0.0,0.0,0.0,0.0,0.0,0.0,0.0,0.0,0.0,1.0,0.0,1.0,0.0,0.0,0.0
1,0,0.0,1.0,0.07870133,0.0027854857,0.046394873,0.0018725841,0.1420618,0.035439633,0.08196027,0.0034537993,0.1409228,0.29631126,0.2099234,0.18405049,0.15228522,0.009197808,0.10299568,0.0,0.0,0.0,0.0,0.0,0.0,0.0,0.0,0.0,1.0,0.0,1.0,0.0,0.0,0.0
1,0,0.0,1.0,0.1334233,0.026498277,0.0610384,0.014018962,0.1868867,0.024600407,0.08302471,0.007147907,0.2385978,0.1605066,0.2095373,0.22089231,0.114030786,0.033317115,0.05535432,0.0,0.0,0.0,0.0,0.0,0.0,0.0,0.0,0.0,1.0,0.0,1.0,0.0,0.0,0.0
1,0,0.0,1.0,0.09998267,0.031010488,0.019173654,0.0027168863,0.03249638,0.01512459,0.038863935,0.008661223,0.12791863,0.11260951,0.3751396,0.20043223,0.044134647,0.010761349,0.013978523,0.0,0.0,0.0,0.0,0.0,0.0,0.0,0.0,0.0,1.0,0.0,1.0,0.0,0.0,0.0
1,0,0.0,1.0,0.40486485,0.03488273,0.08840946,0.017809477,0.46590632,0.004810693,0.016130118,0.0022796255,0.27427182,0.055070266,0.09838949,0.06317318,0.042786766,0.03324874,0.024942955,0.0,0.0,0.0,0.0,0.0,0.0,0.0,0.0,0.0,1.0,0.0,1.0,0.0,0.0,0.0
1,0,0.0,1.0,0.16268915,0.005295341,0.050119072,0.0019864175,0.15057279,0.01740353,0.030910278,0.0029070862,0.13905402,0.43739057,0.106503494,0.29040182,0.086163245,0.0072896327,0.052358545,0.0,0.0,0.0,0.0,0.0,0.0,0.0,0.0,0.0,1.0,0.0,1.0,0.0,0.0,0.0
1,0,0.0,1.0,0.024729509,0.00096412,0.008931689,0.00016695862,0.009135443,0.01888076,0.04058691,0.0022864696,0.12604618,0.07098072,0.58655053,0.09979468,0.047031093,0.0035424428,0.018521765,0.0,0.0,0.0,0.0,0.0,0.0,0.0,0.0,0.0,1.0,0.0,1.0,0.0,0.0,0.0
1,0,0.0,1.0,0.073042706,0.005108691,0.006875089,0.00026624728,0.019544978,0.02236756,0.05216103,0.007983357,0.14484817,0.02267269,0.5083992,0.08978443,0.048787292,0.006367175,0.016640771,0.0,0.0,0.0,0.0,0.0,0.0,0.0,0.0,0.0,1.0,0.0,1.0,0.0,0.0,0.0
1,0,0.0,1.0,0.0116720935,0.00058644783,0.004301732,0.00014611147,0.00269297,0.0017260942,0.012461108,0.00026113604,0.11619042,0.02313233,0.6910513,0.08631009,0.012431352,0.0028746033,0.0041652,0.0,0.0,0.0,0.0,0.0,0.0,0.0,0.0,0.0,1.0,0.0,1.0,0.0,0.0,0.0
1,0,0.0,1.0,0.09527023,0.0016656885,0.03876092,0.0020161623,0.08003773,0.021980759,0.050602652,0.0021636032,0.13120814,0.32730648,0.18267122,0.306183,0.08311248,0.007887058,0.05921054,0.0,0.0,0.0,0.0,0.0,0.0,0.0,0.0,0.0,1.0,0.0,1.0,0.0,0.0,0.0
1,0,0.0,1.0,0.03167823,0.006754951,0.0048571224,0.00072507584,0.007906088,0.00066543365,0.0058553955,0.00018830648,0.15787497,0.003274294,0.7383628,0.01952986,0.0077651683,0.0051098275,0.0020272648,0.0,0.0,0.0,0.0,0.0,0.0,0.0,0.0,0.0,1.0,0.0,1.0,0.0,0.0,0.0
1,0,0.0,1.0,0.029180298,0.0004694544,0.023983361,0.00079736486,0.027429167,0.013745747,0.052740835,0.00069236517,0.13961408,0.20353079,0.28796548,0.24551047,0.06680168,0.0060061286,0.04350247,0.0,0.0,0.0,0.0,0.0,0.0,0.0,0.0,0.0,1.0,0.0,1.0,0.0,0.0,0.0
1,0,0.0,1.0,0.1665104,0.0094649205,0.030158078,0.004464398,0.053658858,0.023311395,0.0539722,0.007950817,0.16263978,0.11391493,0.30097532,0.19421428,0.061657764,0.015913708,0.03767531,0.0,0.0,0.0,0.0,0.0,0.0,0.0,0.0,0.0,1.0,0.0,1.0,0.0,0.0,0.0
1,0,0.0,1.0,0.061573304,0.012174718,0.029092742,0.0019530198,0.046325713,0.013383174,0.042268634,0.0052635903,0.15846536,0.23657578,0.29480016,0.20035991,0.06809039,0.009659514,0.025832335,0.0,0.0,0.0,0.0,0.0,0.0,0.0,0.0,0.0,1.0,0.0,1.0,0.0,0.0,0.0
1,0,0.0,1.0,0.061573304,0.012174718,0.029092742,0.0019530198,0.046325713,0.013383174,0.042268634,0.0052635903,0.15846536,0.23657578,0.29480016,0.20035991,0.06809039,0.009659514,0.025832335,0.0,0.0,0.0,0.0,0.0,0.0,0.0,0.0,0.0,1.0,0.0,1.0,0.0,0.0,0.0
1,0,0.0,1.0,0.011303305,0.0010030154,0.0023772165,6.52818e-05,0.0028692712,0.003386957,0.01826255,0.00039786892,0.10613095,0.006207108,0.7654407,0.041635696,0.01567123,0.0021181614,0.0053503695,0.0,0.0,0.0,0.0,0.0,0.0,0.0,0.0,0.0,1.0,0.0,1.0,0.0,0.0,0.0
1,0,0.0,1.0,0.113463074,0.01215681,0.017492061,0.0019940967,0.0265161,0.022574529,0.037887715,0.008111923,0.14525013,0.07375866,0.47481334,0.1226343,0.043549895,0.011000667,0.019096935,0.0,0.0,0.0,0.0,0.0,0.0,0.0,0.0,0.0,1.0,0.0,1.0,0.0,0.0,0.0
1,0,0.0,1.0,0.30224627,0.011910908,0.031626083,0.0036402543,0.1270147,0.051751528,0.057674117,0.014942971,0.16397348,0.052189045,0.265239,0.088343084,0.07100996,0.017015703,0.06577013,0.0,0.0,0.0,0.0,0.0,0.0,0.0,0.0,0.0,1.0,0.0,1.0,0.0,0.0,0.0
1,0,0.0,1.0,0.0722355,0.04152641,0.014422819,0.0012308717,0.04489311,0.020884722,0.054911032,0.015167567,0.15773065,0.051382918,0.46857595,0.092191964,0.068532944,0.010471581,0.017744517,0.0,0.0,0.0,0.0,0.0,0.0,0.0,0.0,0.0,1.0,0.0,1.0,0.0,0.0,0.0
1,0,0.0,1.0,0.050027966,0.016059922,0.017784495,0.001224841,0.046904083,0.018661877,0.04947426,0.0061368616,0.15409721,0.07235785,0.45042253,0.10586835,0.06801007,0.009412136,0.025241064,0.0,0.0,0.0,0.0,0.0,0.0,0.0,0.0,0.0,1.0,0.0,1.0,0.0,0.0,0.0
1,0,0.0,1.0,0.050027966,0.016059922,0.017784495,0.001224841,0.046904083,0.018661877,0.04947426,0.0061368616,0.15409721,0.07235785,0.45042253,0.10586835,0.06801007,0.009412136,0.025241064,0.0,0.0,0.0,0.0,0.0,0.0,0.0,0.0,0.0,1.0,0.0,1.0,0.0,0.0,0.0
1,0,0.0,1.0,0.06553554,0.0035806529,0.033118837,0.0015540038,0.0643038,0.02401246,0.058044925,0.003147336,0.16047983,0.2259158,0.22784254,0.25176197,0.08365171,0.009005459,0.050234515,0.0,0.0,0.0,0.0,0.0,0.0,0.0,0.0,0.0,1.0,0.0,1.0,0.0,0.0,0.0
1,0,0.0,1.0,0.16384223,0.023641005,0.02330396,0.0017804701,0.073930725,0.034822278,0.0588553,0.018046571,0.13639124,0.14445662,0.30185643,0.19539024,0.07377556,0.011983936,0.026691819,0.0,0.0,0.0,0.0,0.0,0.0,0.0,0.0,0.0,1.0,0.0,1.0,0.0,0.0,0.0
1,0,0.0,1.0,0.011102668,0.00010628606,0.013597408,0.0006514479,0.0060725496,0.00097310974,0.009397849,3.621069e-05,0.1956674,0.15703273,0.28284585,0.37146947,0.012619316,0.005083116,0.004177917,0.0,0.0,0.0,0.0,0.0,0.0,0.0,0.0,0.0,1.0,0.0,1.0,0.0,0.0,0.0
1,0,0.0,1.0,0.03910781,0.00088743784,0.012393575,0.00035278065,0.012991519,0.003295331,0.012599682,0.0004353215,0.082063876,0.27476993,0.33577043,0.29140458,0.022634728,0.00320161,0.007938505,0.0,0.0,0.0,0.0,0.0,0.0,0.0,0.0,0.0,1.0,0.0,1.0,0.0,0.0,0.0
1,0,0.0,1.0,0.029631479,0.10727763,0.006240375,0.00088385475,0.012311572,0.0037202945,0.019995159,0.002954937,0.1568828,0.0051794597,0.63524294,0.030297792,0.018755546,0.0053730495,0.004775703,0.0,0.0,0.0,0.0,0.0,0.0,0.0,0.0,0.0,1.0,0.0,1.0,0.0,0.0,0.0
1,0,0.0,1.0,0.037197866,0.016630763,0.00635898,0.0008912999,0.008920831,0.0019053792,0.017311335,0.0013873058,0.20307183,0.009639318,0.60847086,0.05653882,0.016142335,0.008243669,0.0028949825,0.0,0.0,0.0,0.0,0.0,0.0,0.0,0.0,0.0,1.0,0.0,1.0,0.0,0.0,0.0
1,0,0.0,1.0,0.022379888,0.00019987869,0.02299203,0.0023212093,0.008315515,0.0019139197,0.011908612,8.755984e-05,0.20725764,0.14703813,0.30686525,0.31364036,0.016376497,0.007953273,0.010316316,0.0,0.0,0.0,0.0,0.0,0.0,0.0,0.0,0.0,1.0,0.0,1.0,0.0,0.0,0.0
1,0,0.0,1.0,0.08987139,0.0029458895,0.019487975,0.0011124627,0.025713159,0.008650739,0.026178645,0.0014418502,0.12940004,0.27109253,0.18993653,0.4189831,0.03723276,0.0066789803,0.010287364,0.0,0.0,0.0,0.0,0.0,0.0,0.0,0.0,0.0,1.0,0.0,1.0,0.0,0.0,0.0
1,0,0.0,1.0,0.12599644,0.006115618,0.009042368,0.0011080201,0.012632887,0.00826682,0.021913428,0.0035040777,0.13997927,0.022042772,0.55905104,0.07920507,0.02086864,0.0088245785,0.007138323,0.0,0.0,0.0,0.0,0.0,0.0,0.0,0.0,0.0,1.0,0.0,1.0,0.0,0.0,0.0
1,0,0.0,1.0,0.055667184,0.0064220056,0.0046520596,0.00023998643,0.008649663,0.005096147,0.017793069,0.0025385586,0.107254654,0.009531404,0.71580285,0.030623784,0.018478516,0.004118512,0.0066011064,0.0,0.0,0.0,0.0,0.0,0.0,0.0,0.0,0.0,1.0,0.0,1.0,0.0,0.0,0.0
1,0,0.0,1.0,0.113590136,0.036386263,0.032609534,0.0030050287,0.07978128,0.021673141,0.04574631,0.012143418,0.14327022,0.2412535,0.25128347,0.22198866,0.074489094,0.011886028,0.027860925,0.0,0.0,0.0,0.0,0.0,0.0,0.0,0.0,0.0,1.0,0.0,1.0,0.0,0.0,0.0
1,0,0.0,1.0,0.07228022,0.0027805534,0.020643497,0.00093021017,0.05982776,0.052770745,0.10329657,0.006996669,0.14598092,0.090478666,0.29550627,0.18193918,0.117350884,0.008445542,0.07018411,0.0,0.0,0.0,0.0,0.0,0.0,0.0,0.0,0.0,1.0,0.0,1.0,0.0,0.0,0.0
1,0,0.0,1.0,0.13421771,0.010230345,0.016387714,0.0006092852,0.32389283,0.024471242,0.06420917,0.007651741,0.1064614,0.08184975,0.305091,0.13388088,0.11856328,0.010769723,0.02611356,0.0,0.0,0.0,0.0,0.0,0.0,0.0,0.0,0.0,1.0,0.0,1.0,0.0,0.0,0.0
1,0,0.0,1.0,0.06413738,0.012797035,0.018704506,0.0010762695,0.023103723,0.0116635,0.02291889,0.005691309,0.15248626,0.24478364,0.33711213,0.21351485,0.037448086,0.006311879,0.011330205,0.0,0.0,0.0,0.0,0.0,0.0,0.0,0.0,0.0,1.0,0.0,1.0,0.0,0.0,0.0
1,0,0.0,1.0,0.15170002,0.0798325,0.031829927,0.004373055,0.21067779,0.05820913,0.1008127,0.02978534,0.18274449,0.06592391,0.27176476,0.11580218,0.12197511,0.02036822,0.05278898,0.0,0.0,0.0,0.0,0.0,0.0,0.0,0.0,0.0,1.0,0.0,1.0,0.0,0.0,0.0
1,0,0.0,1.0,0.07696739,0.25736618,0.014987847,0.0015649921,0.09860149,0.018239226,0.049630705,0.025475826,0.11845626,0.044211887,0.4068613,0.07354843,0.067925125,0.0094192205,0.010723567,0.0,0.0,0.0,0.0,0.0,0.0,0.0,0.0,0.0,1.0,0.0,1.0,0.0,0.0,0.0
1,0,0.0,1.0,0.09744809,0.02045272,0.02336201,0.001409922,0.20325276,0.023852607,0.06650683,0.00907469,0.13572322,0.1004388,0.29964775,0.1226978,0.11416328,0.012297774,0.037130084,0.0,0.0,0.0,0.0,0.0,0.0,0.0,0.0,0.0,1.0,0.0,1.0,0.0,0.0,0.0
1,0,0.0,1.0,0.13278353,0.06735842,0.030051108,0.00417408,0.12415672,0.04289977,0.08082891,0.02246035,0.15227829,0.07745629,0.31261864,0.1268602,0.09523675,0.017718248,0.045779273,0.0,0.0,0.0,0.0,0.0,0.0,0.0,0.0,0.0,1.0,0.0,1.0,0.0,0.0,0.0
1,0,0.0,1.0,0.048444364,0.033351842,0.009219923,0.0009185362,0.02166971,0.008793241,0.03694956,0.0058407695,0.19878809,0.01918736,0.49394292,0.085833244,0.03614925,0.0092993975,0.008062648,0.0,0.0,0.0,0.0,0.0,0.0,0.0,0.0,0.0,1.0,0.0,1.0,0.0,0.0,0.0
1,0,0.0,1.0,0.065976016,0.010756391,0.011211432,0.000723042,0.05098958,0.031788763,0.075006574,0.0076876986,0.142212,0.0249777,0.45093682,0.0862401,0.075572684,0.008333063,0.034807015,0.0,0.0,0.0,0.0,0.0,0.0,0.0,0.0,0.0,1.0,0.0,1.0,0.0,0.0,0.0
1,0,0.0,1.0,0.08997039,0.007216645,0.011181679,0.00036658396,0.049035653,0.106726535,0.10236643,0.016345149,0.11204205,0.05129562,0.3978077,0.107339524,0.113853,0.005840559,0.05751054,0.0,0.0,0.0,0.0,0.0,0.0,0.0,0.0,0.0,1.0,0.0,1.0,0.0,0.0,0.0
1,0,0.0,1.0,0.04571409,0.001427491,0.005642155,0.00022383299,0.011017213,0.013158779,0.03948431,0.002558829,0.14651592,0.017235273,0.58866113,0.081157625,0.036397792,0.0055568297,0.013519227,0.0,0.0,0.0,0.0,0.0,0.0,0.0,0.0,0.0,1.0,0.0,1.0,0.0,0.0,0.0
1,0,0.0,1.0,0.13594192,0.0050250967,0.031130567,0.0024502538,0.060135417,0.018891752,0.044582587,0.0044536535,0.13628203,0.22999717,0.22225656,0.2865528,0.064938046,0.010767762,0.035341337,0.0,0.0,0.0,0.0,0.0,0.0,0.0,0.0,0.0,1.0,0.0,1.0,0.0,0.0,0.0
1,0,0.0,1.0,0.015248464,0.003586953,0.0052444604,0.00048826955,0.003831608,0.0036997118,0.015732612,0.0004937598,0.21113943,0.003860478,0.6871791,0.026321268,0.01290387,0.0033060436,0.011242547,0.0,0.0,0.0,0.0,0.0,0.0,0.0,0.0,0.0,1.0,0.0,1.0,0.0,0.0,0.0
1,0,0.0,1.0,0.057235524,0.019459268,0.019645125,0.0023593318,0.030657377,0.007882802,0.032766927,0.003880178,0.2007664,0.13053903,0.296568,0.25101975,0.038286455,0.011416385,0.00937003,0.0,0.0,0.0,0.0,0.0,0.0,0.0,0.0,0.0,1.0,0.0,1.0,0.0,0.0,0.0
1,0,0.0,1.0,0.046299342,0.0025893445,0.0075979335,0.0005004546,0.007324661,0.015086282,0.04011961,0.0030421028,0.11116579,0.040666007,0.5941925,0.13176782,0.034162063,0.0057830256,0.010244099,0.0,0.0,0.0,0.0,0.0,0.0,0.0,0.0,0.0,1.0,0.0,1.0,0.0,0.0,0.0
1,0,0.0,1.0,0.10294549,0.011993652,0.021040559,0.001078753,0.3221412,0.016520793,0.060766105,0.005430066,0.1280674,0.055971283,0.26802593,0.06740053,0.13106655,0.0103055425,0.045607172,0.0,0.0,0.0,0.0,0.0,0.0,0.0,0.0,0.0,1.0,0.0,1.0,0.0,0.0,0.0
1,0,0.0,1.0,0.227188,0.015865957,0.02373915,0.0037912414,0.057474107,0.0090990765,0.028065303,0.0068039633,0.17768875,0.06939671,0.3377239,0.1317431,0.03477399,0.018298492,0.011624242,0.0,0.0,0.0,0.0,0.0,0.0,0.0,0.0,0.0,1.0,0.0,1.0,0.0,0.0,0.0
1,0,0.0,1.0,0.1523754,0.023584628,0.05963122,0.011972661,0.08384402,0.022385187,0.03371982,0.006192846,0.22427917,0.17894915,0.28053802,0.13692968,0.060163014,0.019915126,0.04478734,0.0,0.0,0.0,0.0,0.0,0.0,0.0,0.0,0.0,1.0,0.0,1.0,0.0,0.0,0.0
1,0,0.0,1.0,0.05570951,0.039138474,0.025413284,0.0038806759,0.055822358,0.008865743,0.04420802,0.004428588,0.15910761,0.09552328,0.3949,0.15025136,0.054133553,0.015428153,0.018957771,0.0,0.0,0.0,0.0,0.0,0.0,0.0,0.0,0.0,1.0,0.0,1.0,0.0,0.0,0.0
1,0,0.0,1.0,0.038678817,0.0032173896,0.008195929,0.00086373906,0.00649167,0.015930742,0.035189953,0.0025105833,0.15041623,0.023913734,0.5902401,0.09217684,0.029301893,0.005552339,0.014091707,0.0,0.0,0.0,0.0,0.0,0.0,0.0,0.0,0.0,1.0,0.0,1.0,0.0,0.0,0.0
1,0,0.0,1.0,0.060860682,0.0024171453,0.018555272,0.001167047,0.036265623,0.027451284,0.072525844,0.003926024,0.19603264,0.08526254,0.32331964,0.23564757,0.07058645,0.011347871,0.030163867,0.0,0.0,0.0,0.0,0.0,0.0,0.0,0.0,0.0,1.0,0.0,1.0,0.0,0.0,0.0
1,0,0.0,1.0,0.09523965,0.13154778,0.01793632,0.002195907,0.0743382,0.013743536,0.03787369,0.016908152,0.16263199,0.047579467,0.45083526,0.067373455,0.054333568,0.012826762,0.011994551,0.0,0.0,0.0,0.0,0.0,0.0,0.0,0.0,0.0,1.0,0.0,1.0,0.0,0.0,0.0
1,0,0.0,1.0,0.07055587,0.008154335,0.02943092,0.01036149,0.043185335,0.007732332,0.037165135,0.001389843,0.22435948,0.05491281,0.38326004,0.1581281,0.041336622,0.022142695,0.017313492,0.0,0.0,0.0,0.0,0.0,0.0,0.0,0.0,0.0,1.0,0.0,1.0,0.0,0.0,0.0
1,0,0.0,1.0,0.010201993,0.001390485,0.0015166063,5.127188e-05,0.0015793513,0.0008055934,0.005041299,0.00012483941,0.098564245,0.0023051219,0.856014,0.014469311,0.0058907615,0.0012978554,0.0017540248,0.0,0.0,0.0,0.0,0.0,0.0,0.0,0.0,0.0,1.0,0.0,1.0,0.0,0.0,0.0
1,0,0.0,1.0,0.05708428,0.006986244,0.015040848,0.0025178157,0.021940814,0.009753425,0.046554532,0.002561899,0.17732735,0.033886362,0.4988872,0.1161161,0.040796302,0.013903216,0.015074966,0.0,0.0,0.0,0.0,0.0,0.0,0.0,0.0,0.0,1.0,0.0,1.0,0.0,0.0,0.0
1,0,0.0,1.0,0.077501856,0.0132137975,0.009422002,0.0009847635,0.017403008,0.014445882,0.04566266,0.00712695,0.156636,0.016765922,0.56380606,0.064700395,0.040805325,0.008871779,0.0145102125,0.0,0.0,0.0,0.0,0.0,0.0,0.0,0.0,0.0,1.0,0.0,1.0,0.0,0.0,0.0
1,0,0.0,1.0,0.26248005,0.035379134,0.057170257,0.0104191005,0.16653204,0.03988586,0.059171885,0.017122658,0.1886839,0.1992432,0.19942476,0.2252737,0.08899726,0.024573177,0.052254137,0.0,0.0,0.0,0.0,0.0,0.0,0.0,0.0,0.0,1.0,0.0,1.0,0.0,1.0,0.0
1,0,0.0,1.0,0.0112999,0.0011179306,0.002581572,9.9083925e-05,0.0037665411,0.0015312583,0.0128936935,0.0002353893,0.12932795,0.0031705075,0.7691697,0.026838616,0.011883715,0.0024543258,0.0043993546,0.0,0.0,0.0,0.0,0.0,0.0,0.0,0.0,0.0,1.0,0.0,1.0,0.0,0.0,0.0
1,0,0.0,1.0,0.05868864,0.051552735,0.011387914,0.0017905085,0.015825951,0.011971839,0.029550228,0.006869387,0.10374149,0.037199248,0.60133797,0.07596335,0.031580593,0.007236127,0.011604514,0.0,0.0,0.0,0.0,0.0,0.0,0.0,0.0,0.0,1.0,0.0,1.0,0.0,0.0,0.0
1,0,0.0,1.0,0.0781681,0.005428189,0.0099826185,0.0004944927,0.026081614,0.03606166,0.06877477,0.010896066,0.12969647,0.03733395,0.52278006,0.09256266,0.07125071,0.008055012,0.025827479,0.0,0.0,0.0,0.0,0.0,0.0,0.0,0.0,0.0,1.0,0.0,1.0,0.0,0.0,0.0
1,0,0.0,1.0,0.08533031,0.0006740838,0.0024799092,5.4204273e-05,0.005728278,0.003920343,0.010870232,0.0011987396,0.117359824,0.008599743,0.700772,0.04308098,0.011920592,0.0032081585,0.0024335205,0.0,0.0,0.0,0.0,0.0,0.0,0.0,0.0,0.0,1.0,0.0,1.0,0.0,0.0,0.0
1,0,0.0,1.0,0.04550757,0.00067712966,0.00641596,0.00018041344,0.010341467,0.014233668,0.03216624,0.0017102779,0.12342431,0.033104703,0.5839813,0.11092097,0.033364646,0.0046089073,0.015151349,0.0,0.0,0.0,0.0,0.0,0.0,0.0,0.0,0.0,1.0,0.0,1.0,0.0,0.0,0.0
1,0,0.0,1.0,0.12560575,0.014345901,0.04298777,0.0026754567,0.10835354,0.02840875,0.04500392,0.007497374,0.15954068,0.3388137,0.20268217,0.23442426,0.090557665,0.01117371,0.037320636,0.0,0.0,0.0,0.0,0.0,0.0,0.0,0.0,0.0,1.0,0.0,1.0,0.0,0.0,0.0
1,0,0.0,1.0,0.0021353248,6.824608e-05,0.0008690146,1.2906843e-05,0.00045277746,0.0003214148,0.0033186767,9.984219e-06,0.043468818,0.0031541171,0.9226532,0.019123536,0.0035769918,0.00052013784,0.0014426316,0.0,0.0,0.0,0.0,0.0,0.0,0.0,0.0,0.0,1.0,0.0,1.0,0.0,0.0,0.0
1,0,0.0,1.0,0.050326154,0.0076790024,0.029534567,0.0015318029,0.009334653,0.0008013819,0.0020851854,0.00024049358,0.3526154,0.007955888,0.7129202,0.010783083,0.0062872167,0.009091891,0.013154823,0.0,0.0,0.0,0.0,0.0,0.0,0.0,0.0,0.0,1.0,0.0,1.0,0.0,0.0,0.0
1,0,0.0,1.0,0.0054569864,7.069756e-05,0.00618734,0.00022502251,0.002563259,0.00055067276,0.005604538,1.4575414e-05,0.25913316,0.013284253,0.6519405,0.060183104,0.006825225,0.0034441347,0.0059676333,0.0,0.0,0.0,0.0,0.0,0.0,0.0,0.0,0.0,1.0,0.0,1.0,0.0,0.0,0.0
1,0,0.0,1.0,0.035031684,0.0022888745,0.005931578,0.00048658898,0.0045661507,0.0043567647,0.017252065,0.0012029037,0.14569047,0.016803285,0.66565126,0.069299504,0.016281959,0.004923933,0.005930763,0.0,0.0,0.0,0.0,0.0,0.0,0.0,0.0,0.0,1.0,0.0,1.0,0.0,0.0,0.0
1,0,0.0,1.0,0.03300503,0.0017861999,0.011865253,0.0006819161,0.008855445,0.0059948093,0.024156727,0.0014077277,0.16653022,0.09190302,0.45186207,0.19335549,0.026904315,0.006558621,0.010257584,0.0,0.0,0.0,0.0,0.0,0.0,0.0,0.0,0.0,1.0,0.0,1.0,0.0,0.0,0.0
1,0,0.0,1.0,0.008189649,0.0002122147,0.0039002986,0.0001236108,0.0035686756,0.0029773586,0.021546444,0.00013316111,0.15306228,0.0059306617,0.7349696,0.039543055,0.018122787,0.0028085154,0.013986163,0.0,0.0,0.0,0.0,0.0,0.0,0.0,0.0,0.0,1.0,0.0,1.0,0.0,0.0,0.0
1,0,0.0,1.0,0.04947393,0.007452548,0.029489683,0.0015037246,0.00916352,0.0008201755,0.002147275,0.00024925155,0.35144904,0.008247768,0.71461797,0.011008477,0.006416033,0.009070296,0.013444234,0.0,0.0,0.0,0.0,0.0,0.0,0.0,0.0,0.0,1.0,0.0,1.0,0.0,0.0,0.0
1,0,0.0,1.0,0.032428738,0.005541557,0.01116966,0.0010973571,0.011474669,0.003776543,0.022949843,0.0012921403,0.16328727,0.04293507,0.562913,0.105711706,0.025452193,0.008340391,0.007614307,0.0,0.0,0.0,0.0,0.0,0.0,0.0,0.0,0.0,1.0,0.0,1.0,0.0,0.0,0.0
1,0,0.0,1.0,0.22607777,0.0374345,0.022650978,0.0019259739,0.08719553,0.08741011,0.07784604,0.04367641,0.14466499,0.079272956,0.30313078,0.117672965,0.093771845,0.011342608,0.04929552,0.0,0.0,0.0,0.0,0.0,0.0,0.0,0.0,0.0,1.0,0.0,1.0,0.0,0.0,0.0
1,0,0.0,1.0,0.10470096,0.0040179817,0.016071439,0.0018536539,0.02471216,0.025083419,0.039346214,0.0046852524,0.12903214,0.044739943,0.5257343,0.08972855,0.047311798,0.009287917,0.028429283,0.0,0.0,0.0,0.0,0.0,0.0,0.0,0.0,0.0,1.0,0.0,1.0,0.0,0.0,0.0
1,0,0.0,1.0,0.04029703,0.0013140003,0.007895405,0.00046389498,0.01849458,0.00956448,0.03378641,0.0012590871,0.16779882,0.01554429,0.60162973,0.058764264,0.0374842,0.00644678,0.014998974,0.0,0.0,0.0,0.0,0.0,0.0,0.0,0.0,0.0,1.0,0.0,1.0,0.0,0.0,0.0
1,0,0.0,1.0,0.030219479,0.0058443616,0.01577671,0.0005013157,0.015319526,0.0068414705,0.019335942,0.0016524129,0.10452366,0.26815268,0.4182031,0.1623695,0.03386074,0.0036407458,0.012899777,0.0,0.0,0.0,0.0,0.0,0.0,0.0,0.0,0.0,1.0,0.0,1.0,0.0,0.0,0.0
1,0,0.0,1.0,0.02637015,0.0006156039,0.0033003073,0.0002952534,0.0022719123,0.0016891363,0.005362485,0.00012641164,0.107620664,0.0049235853,0.81824327,0.021707665,0.0064279595,0.0022660552,0.003423228,0.0,0.0,0.0,0.0,0.0,0.0,0.0,0.0,0.0,1.0,0.0,1.0,0.0,0.0,0.0
1,0,0.0,1.0,0.07578687,0.027647385,0.017950097,0.00300457,0.029951893,0.010047999,0.036464963,0.0059795165,0.17926845,0.077273585,0.4078747,0.1678284,0.04055135,0.014378247,0.009123749,0.0,0.0,0.0,0.0,0.0,0.0,0.0,0.0,0.0,1.0,0.0,1.0,0.0,0.0,0.0
1,0,0.0,1.0,0.10203596,0.08534584,0.006284715,0.00072080124,0.01685534,0.011009889,0.027805146,0.01475015,0.1408686,0.011281371,0.5881514,0.041151546,0.025291597,0.006767302,0.003410498,0.0,0.0,0.0,0.0,0.0,0.0,0.0,0.0,0.0,1.0,0.0,1.0,0.0,0.0,0.0
1,0,0.0,1.0,0.093084484,0.0029617173,0.04417528,0.0036721183,0.107795835,0.014451459,0.052810185,0.0023604813,0.18429789,0.24111332,0.21988761,0.24204965,0.088161096,0.016066207,0.043014634,0.0,0.0,0.0,0.0,0.0,0.0,0.0,0.0,0.0,1.0,0.0,1.0,0.0,0.0,0.0
1,0,0.0,1.0,0.24828736,0.1595659,0.056074392,0.015188186,0.33456856,0.011390572,0.03643026,0.010771572,0.25058594,0.04568943,0.18451923,0.07070395,0.061723813,0.029425066,0.023533717,0.0,0.0,0.0,0.0,0.0,0.0,0.0,0.0,0.0,1.0,0.0,1.0,0.0,0.0,0.0
1,0,0.0,1.0,0.050639626,0.007727421,0.02956151,0.0015686802,0.009353977,0.0008091354,0.002078831,0.00023988256,0.3521378,0.0077990526,0.7131306,0.010698803,0.0062493207,0.009079511,0.013165816,0.0,0.0,0.0,0.0,0.0,0.0,0.0,0.0,0.0,1.0,0.0,1.0,0.0,0.0,0.0
1,0,0.0,1.0,0.042794365,0.08105839,0.010325112,0.0008556022,0.034445364,0.009725072,0.038583383,0.008505454,0.109757885,0.027791351,0.5693931,0.05622535,0.04600606,0.0069056167,0.012319212,0.0,0.0,0.0,0.0,0.0,0.0,0.0,0.0,0.0,1.0,0.0,1.0,0.0,0.0,0.0
1,0,0.0,1.0,0.033197463,0.0020841297,0.023259165,0.0018317733,0.030751726,0.004747583,0.030124372,0.00087666477,0.1749966,0.13418391,0.35982242,0.18784578,0.044527818,0.010415997,0.017428923,0.0,0.0,0.0,0.0,0.0,0.0,0.0,0.0,0.0,1.0,0.0,1.0,0.0,0.0,0.0
1,0,0.0,1.0,0.2369637,0.030921513,0.02691835,0.0033737589,0.114144266,0.04693251,0.06634123,0.021751078,0.14370792,0.07557169,0.31992775,0.1239023,0.07693696,0.017249791,0.032385677,0.0,0.0,0.0,0.0,0.0,0.0,0.0,0.0,0.0,1.0,0.0,1.0,0.0,0.0,0.0
1,0,0.0,1.0,0.20515172,0.008347166,0.043022566,0.012527572,0.2043609,0.011686646,0.03743021,0.002310192,0.25798422,0.03435305,0.28292146,0.07619535,0.05799382,0.032009665,0.029962277,0.0,0.0,0.0,0.0,0.0,0.0,0.0,0.0,0.0,1.0,0.0,1.0,0.0,0.0,0.0
1,0,0.0,1.0,0.05946704,0.06829291,0.008887453,0.00071143644,0.0386392,0.01964264,0.049165208,0.012936306,0.117630824,0.017273527,0.54099226,0.05392468,0.052131783,0.0071525145,0.015863203,0.0,0.0,0.0,0.0,0.0,0.0,0.0,0.0,0.0,1.0,0.0,1.0,0.0,0.0,0.0
1,0,0.0,1.0,0.2416502,0.23268457,0.072355404,0.014473132,0.6596037,0.0037145198,0.011874536,0.0033727605,0.21692824,0.03745259,0.108148985,0.032330055,0.0501453,0.016795013,0.015329931,0.0,0.0,0.0,0.0,0.0,0.0,0.0,0.0,0.0,1.0,0.0,1.0,0.0,0.0,0.0
1,0,0.0,1.0,0.01920626,0.0011938706,0.0031581842,0.00047529288,0.0019578778,0.00029123816,0.0021686256,3.4354514e-05,0.13386686,0.0032154985,0.81546795,0.018625017,0.003092882,0.002892315,0.0010318387,0.0,0.0,0.0,0.0,0.0,0.0,0.0,0.0,0.0,1.0,0.0,1.0,0.0,0.0,0.0
1,0,0.0,1.0,0.0108298035,0.00045321728,0.004016438,0.00012861984,0.006571922,0.0043286835,0.025791585,0.00024351316,0.06941951,0.010701524,0.7744434,0.04176195,0.026392672,0.0025764324,0.01432564,0.0,0.0,0.0,0.0,0.0,0.0,0.0,0.0,0.0,1.0,0.0,1.0,0.0,0.0,0.0
1,0,0.0,1.0,0.05510166,0.0005531592,0.024706466,0.00068927446,0.037908737,0.01622709,0.040377464,0.000984105,0.10335657,0.2794827,0.27202812,0.28922763,0.06426268,0.005075778,0.033845056,0.0,0.0,0.0,0.0,0.0,0.0,0.0,0.0,0.0,1.0,0.0,1.0,0.0,0.0,0.0
1,0,0.0,1.0,0.039349847,0.005688895,0.008127346,0.00034120493,0.013676531,0.022463892,0.043863755,0.0051166923,0.11101291,0.033340726,0.6076631,0.062162872,0.048283804,0.0043368954,0.021585243,0.0,0.0,0.0,0.0,0.0,0.0,0.0,0.0,0.0,1.0,0.0,1.0,0.0,0.0,0.0
1,0,0.0,1.0,0.30777484,0.0072012367,0.010962969,0.0005473212,0.03227675,0.055708524,0.066451125,0.026319267,0.14666691,0.02594416,0.3732045,0.0856489,0.05259937,0.010068349,0.028218085,0.0,0.0,0.0,0.0,0.0,0.0,0.0,0.0,0.0,1.0,0.0,1.0,0.0,0.0,0.0
1,0,0.0,1.0,0.12288071,0.0119151855,0.0071858508,0.00075546285,0.015001546,0.006882036,0.017712131,0.004192462,0.14685726,0.011982351,0.6177615,0.040174954,0.019055534,0.0077434885,0.0047705336,0.0,0.0,0.0,0.0,0.0,0.0,0.0,0.0,0.0,1.0,0.0,1.0,0.0,0.0,0.0
1,0,0.0,1.0,0.023196535,0.00073075574,0.004091661,0.00010594738,0.0071049407,0.010535646,0.030297339,0.0009799831,0.097839236,0.023377744,0.6700624,0.095788166,0.031311803,0.0032455516,0.008597386,0.0,0.0,0.0,0.0,0.0,0.0,0.0,0.0,0.0,1.0,0.0,1.0,0.0,0.0,0.0
1,0,0.0,1.0,0.44673094,0.008537624,0.03334494,0.002133102,0.13450752,0.13427776,0.05587204,0.018602395,0.14494534,0.059066027,0.19184384,0.07112535,0.07552791,0.010980111,0.1370158,0.0,0.0,0.0,0.0,0.0,0.0,0.0,0.0,0.0,1.0,0.0,1.0,0.0,0.0,0.0
1,0,0.0,1.0,0.068343885,0.21973966,0.009950164,0.0015383324,0.05624408,0.0050442605,0.025049837,0.00644619,0.21729866,0.0090407105,0.41228607,0.048206437,0.02749233,0.009327476,0.0038275626,0.0,0.0,0.0,0.0,0.0,0.0,0.0,0.0,0.0,1.0,0.0,1.0,0.0,0.0,0.0
1,0,0.0,1.0,0.071946435,0.006814095,0.0049315277,0.00031300023,0.010069589,0.006893407,0.022968851,0.003555613,0.09990211,0.018459821,0.6461746,0.06547406,0.022749655,0.0053873365,0.0046089203,0.0,0.0,0.0,0.0,0.0,0.0,0.0,0.0,0.0,1.0,0.0,1.0,0.0,0.0,0.0
1,0,0.0,1.0,0.08475375,0.009161772,0.018479273,0.0008946646,0.27579057,0.020793507,0.06328281,0.0039252895,0.089279436,0.078471065,0.3338302,0.101683795,0.12691101,0.009680866,0.039894626,0.0,0.0,0.0,0.0,0.0,0.0,0.0,0.0,0.0,1.0,0.0,1.0,0.0,0.0,0.0
1,0,0.0,1.0,0.10902749,0.028941033,0.01835483,0.0010081058,0.16509195,0.033835508,0.07469826,0.016289186,0.14390703,0.067872435,0.3505908,0.09297003,0.11283771,0.011562765,0.032862894,0.0,0.0,0.0,0.0,0.0,0.0,0.0,0.0,0.0,1.0,0.0,1.0,0.0,0.0,0.0
1,0,0.0,1.0,0.027944569,0.0026902244,0.00517734,0.00019623093,0.021314375,0.00828056,0.035739187,0.0013264011,0.13060845,0.01132903,0.6283133,0.05235698,0.040973183,0.0051042573,0.013405166,0.0,0.0,0.0,0.0,0.0,0.0,0.0,0.0,0.0,1.0,0.0,1.0,0.0,0.0,0.0
1,0,0.0,1.0,0.07552184,0.015423988,0.022880815,0.0017375933,0.08560059,0.048135675,0.09512629,0.011199349,0.16471949,0.056821104,0.35243973,0.09072274,0.11180106,0.01071395,0.079949826,0.0,0.0,0.0,0.0,0.0,0.0,0.0,0.0,0.0,1.0,0.0,1.0,0.0,0.0,0.0
1,0,0.0,1.0,0.01723301,0.00040242754,0.0035970395,0.00012509467,0.0068423194,0.0066441773,0.021733308,0.00026521133,0.091603816,0.0072567435,0.73426956,0.037754573,0.022874936,0.0025952873,0.014414357,0.0,0.0,0.0,0.0,0.0,0.0,0.0,0.0,0.0,1.0,0.0,1.0,0.0,0.0,0.0
1,0,0.0,1.0,0.0631006,0.007205223,0.0080757,0.00048562148,0.015522946,0.0130184265,0.040888865,0.005378733,0.12101454,0.023007568,0.5980388,0.06795572,0.04034101,0.0065012136,0.016365685,0.0,0.0,0.0,0.0,0.0,0.0,0.0,0.0,0.0,1.0,0.0,1.0,0.0,0.0,0.0
1,0,0.0,1.0,0.051265493,0.00735072,0.028609583,0.0014746203,0.009227313,0.0007592946,0.0019158054,0.00021607628,0.35166824,0.0074134204,0.71397394,0.010364644,0.0058391998,0.008711076,0.012197212,0.0,0.0,0.0,0.0,0.0,0.0,0.0,0.0,0.0,1.0,0.0,1.0,0.0,0.0,0.0
1,0,0.0,1.0,0.08457621,0.044355594,0.012191744,0.0009801877,0.05403876,0.02305544,0.05098148,0.014379957,0.13920839,0.045802422,0.47143543,0.08779453,0.06254601,0.009459973,0.014292517,0.0,0.0,0.0,0.0,0.0,0.0,0.0,0.0,0.0,1.0,0.0,1.0,0.0,0.0,0.0
1,0,0.0,1.0,0.091090575,0.053139023,0.0104928585,0.0017466822,0.025064837,0.0049687433,0.016018253,0.0042973943,0.14102185,0.0110881915,0.59416544,0.03063256,0.01934591,0.0077642314,0.0061633843,0.0,0.0,0.0,0.0,0.0,0.0,0.0,0.0,0.0,1.0,0.0,1.0,0.0,0.0,0.0
1,0,0.0,1.0,0.027971536,0.00078664615,0.009940914,0.00010990633,0.030957717,0.03718959,0.061995015,0.0020150074,0.11306865,0.06480137,0.5021251,0.07171546,0.08601019,0.0030329132,0.057332568,0.0,0.0,0.0,0.0,0.0,0.0,0.0,0.0,0.0,1.0,0.0,1.0,0.0,0.0,0.0
1,0,0.0,1.0,0.10879498,0.036381748,0.015780976,0.002148108,0.029496562,0.012110279,0.031173654,0.011719782,0.17253014,0.07342074,0.41555995,0.1399404,0.037362996,0.011841626,0.009283894,0.0,0.0,0.0,0.0,0.0,0.0,0.0,0.0,0.0,1.0,0.0,1.0,0.0,0.0,0.0
1,0,0.0,1.0,0.1002048,0.007887588,0.008996583,0.00043936982,0.02362103,0.024178319,0.058103926,0.012049612,0.17053007,0.034995448,0.41703296,0.13733076,0.052329022,0.00796782,0.015701992,0.0,0.0,0.0,0.0,0.0,0.0,0.0,0.0,0.0,1.0,0.0,1.0,0.0,0.0,0.0
1,0,0.0,1.0,0.03050644,0.0026330461,0.0034592256,0.00040406568,0.0033048026,0.00063994236,0.0035984258,0.00012058362,0.12038937,0.0024633128,0.8190382,0.011713941,0.004748694,0.0027685328,0.0017634783,0.0,0.0,0.0,0.0,0.0,0.0,0.0,0.0,0.0,1.0,0.0,1.0,0.0,0.0,0.0
1,0,0.0,1.0,0.12276826,0.009915439,0.025328845,0.0009874701,0.4216509,0.01559824,0.047561362,0.004145537,0.13549817,0.06910727,0.24624573,0.065862864,0.12453065,0.009596501,0.04934486,0.0,0.0,0.0,0.0,0.0,0.0,0.0,0.0,0.0,1.0,0.0,1.0,0.0,1.0,0.0
1,0,0.0,1.0,0.008930258,0.00056387763,0.004237579,0.00011154582,0.005346052,0.0019423926,0.016460864,0.00018814729,0.09408299,0.014334658,0.77110803,0.04114907,0.019029899,0.002637282,0.007933032,0.0,0.0,0.0,0.0,0.0,0.0,0.0,0.0,0.0,1.0,0.0,1.0,0.0,0.0,0.0
1,0,0.0,1.0,0.12715249,0.005543626,0.012558117,0.00027022325,0.16050263,0.0624955,0.09368158,0.01374821,0.09237807,0.07843871,0.39801157,0.1214757,0.13236284,0.0077923546,0.03544549,0.0,0.0,0.0,0.0,0.0,0.0,0.0,0.0,0.0,1.0,0.0,1.0,0.0,0.0,0.0
1,0,0.0,1.0,0.0084196795,0.0015363313,0.0044001862,0.00020081262,0.0021997981,0.0027518468,0.01747274,0.00046520974,0.099959515,0.018064877,0.7645259,0.06078301,0.015463473,0.0025780199,0.0066809673,0.0,0.0,0.0,0.0,0.0,0.0,0.0,0.0,0.0,1.0,0.0,1.0,0.0,0.0,0.0
1,0,0.0,1.0,0.029591948,0.0015109846,0.017317712,0.00092378375,0.021099225,0.015862659,0.07221225,0.0020636506,0.1516833,0.077740915,0.40818927,0.15111144,0.06930823,0.0072902744,0.044029627,0.0,0.0,0.0,0.0,0.0,0.0,0.0,0.0,0.0,1.0,0.0,1.0,0.0,0.0,0.0
1,0,0.0,1.0,0.025329256,0.00048055325,0.012420955,0.0006578285,0.010641029,0.012891412,0.044905912,0.0009049976,0.15555975,0.05499478,0.5123008,0.14547889,0.04361858,0.0061980137,0.025727784,0.0,0.0,0.0,0.0,0.0,0.0,0.0,0.0,0.0,1.0,0.0,1.0,0.0,0.0,0.0
1,0,0.0,1.0,0.08280197,0.005347439,0.017146517,0.00095974014,0.032074634,0.018848741,0.047364257,0.005941258,0.118931234,0.17346986,0.33852,0.24349785,0.061646122,0.0082126595,0.016911948,0.0,0.0,0.0,0.0,0.0,0.0,0.0,0.0,0.0,1.0,0.0,1.0,0.0,0.0,0.0
1,0,0.0,1.0,0.07870188,0.113507986,0.009393868,0.0009971116,0.03414686,0.012338065,0.034424704,0.014060282,0.1441792,0.011391534,0.54336613,0.038034063,0.03485237,0.0075924383,0.010282355,0.0,0.0,0.0,0.0,0.0,0.0,0.0,0.0,0.0,1.0,0.0,1.0,0.0,0.0,0.0
1,0,0.0,1.0,0.07068065,0.11735339,0.014761961,0.003155776,0.058453016,0.0014685603,0.00793956,0.001060895,0.22309962,0.0050854795,0.49493086,0.018625122,0.012753867,0.008953707,0.0041783894,0.0,0.0,0.0,0.0,0.0,0.0,0.0,0.0,0.0,1.0,0.0,1.0,0.0,0.0,0.0
1,0,0.0,1.0,0.13945617,0.011107072,0.021508623,0.0013783245,0.04689265,0.044297874,0.061874352,0.014200127,0.12607884,0.13870162,0.35642895,0.17310303,0.07766151,0.0097039025,0.036628887,0.0,0.0,0.0,0.0,0.0,0.0,0.0,0.0,0.0,1.0,0.0,1.0,0.0,0.0,0.0
1,0,0.0,1.0,0.043011475,0.0034485233,0.0068830866,0.00059068087,0.012471451,0.0031129245,0.015006245,0.00081438845,0.109734565,0.011410386,0.72807485,0.03211746,0.018965745,0.005069258,0.0066318708,0.0,0.0,0.0,0.0,0.0,0.0,0.0,0.0,0.0,1.0,0.0,1.0,0.0,0.0,0.0
1,0,0.0,1.0,0.026397025,0.0035412044,0.00717486,0.00053148536,0.0063644666,0.0032343043,0.017370334,0.0010294082,0.13908887,0.025762698,0.676963,0.06631011,0.018295145,0.005421336,0.006049273,0.0,0.0,0.0,0.0,0.0,0.0,0.0,0.0,0.0,1.0,0.0,1.0,0.0,0.0,0.0
1,0,0.0,1.0,0.0517031,0.003162455,0.009072902,0.0010172898,0.008675978,0.0036735875,0.023522701,0.0012895684,0.17254625,0.016602408,0.59561807,0.07666822,0.02054961,0.009008924,0.0077158827,0.0,0.0,0.0,0.0,0.0,0.0,0.0,0.0,0.0,1.0,0.0,1.0,0.0,0.0,0.0
1,0,0.0,1.0,0.20825168,0.2316106,0.03356031,0.004782729,0.2298535,0.005521899,0.02358921,0.014286694,0.21271452,0.035983447,0.2350281,0.050083783,0.042104423,0.0172225,0.008255455,0.0,0.0,0.0,0.0,0.0,0.0,0.0,0.0,0.0,1.0,0.0,1.0,0.0,0.0,0.0
1,0,0.0,1.0,0.008587893,0.0005457719,0.0036790646,0.00019711716,0.002989544,0.0010814288,0.010914859,9.1818605e-05,0.13516416,0.006026009,0.76731324,0.038350347,0.01034219,0.0031164614,0.0051424038,0.0,0.0,0.0,0.0,0.0,0.0,0.0,0.0,0.0,1.0,0.0,1.0,0.0,0.0,0.0
1,0,0.0,1.0,0.07312423,0.0050981636,0.0108314175,0.0005305634,0.028393203,0.011424202,0.037862904,0.0046986956,0.13337512,0.06367884,0.47393966,0.13062659,0.047487874,0.008418691,0.011639449,0.0,0.0,0.0,0.0,0.0,0.0,0.0,0.0,0.0,1.0,0.0,1.0,0.0,0.0,0.0
1,0,0.0,1.0,0.0121584935,0.00062729686,0.005480195,0.00021257681,0.0031916683,0.0028623831,0.012689509,0.00027838082,0.13386084,0.019251624,0.7499402,0.04119342,0.013570701,0.0026604596,0.009365159,0.0,0.0,0.0,0.0,0.0,0.0,0.0,0.0,0.0,1.0,0.0,1.0,0.0,0.0,0.0
1,0,0.0,1.0,0.14628606,0.017975746,0.01688568,0.00096732273,0.119538136,0.007310265,0.024914477,0.0053139143,0.12545116,0.07816079,0.39751026,0.07923248,0.053787775,0.011268586,0.009554587,0.0,0.0,0.0,0.0,0.0,0.0,0.0,0.0,0.0,1.0,0.0,1.0,0.0,0.0,0.0
1,0,0.0,1.0,0.02215109,0.002242962,0.011946794,0.0011187951,0.0071437494,0.0061838636,0.030127786,0.0010906232,0.15817368,0.044905134,0.61182636,0.09853346,0.028965713,0.0070041274,0.012063471,0.0,0.0,0.0,0.0,0.0,0.0,0.0,0.0,0.0,1.0,0.0,1.0,0.0,0.0,0.0
1,0,0.0,1.0,0.05649189,0.005118423,0.031110138,0.004152983,0.046251655,0.01839701,0.06191702,0.0028056658,0.19366702,0.118691176,0.32788828,0.20658922,0.07105516,0.01563655,0.034996238,0.0,0.0,0.0,0.0,0.0,0.0,0.0,0.0,0.0,1.0,0.0,1.0,0.0,0.0,0.0
1,0,0.0,1.0,0.042263687,0.006541368,0.006653373,0.0003174537,0.015630145,0.017157318,0.04475245,0.0052021747,0.12277231,0.023370055,0.59792715,0.076071545,0.04564571,0.005921016,0.012563883,0.0,0.0,0.0,0.0,0.0,0.0,0.0,0.0,0.0,1.0,0.0,1.0,0.0,0.0,0.0
1,0,0.0,1.0,0.09867831,0.011103155,0.014776046,0.0007482917,0.043480877,0.023969607,0.054481965,0.010551852,0.1000074,0.1065016,0.42961124,0.14282925,0.070869,0.0083072735,0.022396661,0.0,0.0,0.0,0.0,0.0,0.0,0.0,0.0,0.0,1.0,0.0,1.0,0.0,0.0,0.0
1,0,0.0,1.0,0.057475347,0.002684489,0.019744972,0.002005974,0.016676476,0.014320018,0.039736904,0.0027593668,0.13727917,0.11922039,0.47298658,0.17205434,0.043942686,0.009415138,0.02247583,0.0,0.0,0.0,0.0,0.0,0.0,0.0,0.0,0.0,1.0,0.0,1.0,0.0,0.0,0.0
1,0,0.0,1.0,0.038532764,0.001070826,0.0035167066,0.00022998556,0.0030523879,0.0018680452,0.0067251828,0.0002931707,0.1447643,0.0054023657,0.7477025,0.030144595,0.0075521646,0.0031552392,0.0029213198,0.0,0.0,0.0,0.0,0.0,0.0,0.0,0.0,0.0,1.0,0.0,1.0,0.0,0.0,0.0
1,0,0.0,1.0,0.10483272,0.003313564,0.017974844,0.0012339231,0.039913252,0.0611843,0.09370252,0.008587734,0.13245016,0.07487197,0.34135926,0.17236452,0.09093138,0.009075582,0.06123836,0.0,0.0,0.0,0.0,0.0,0.0,0.0,0.0,0.0,1.0,0.0,1.0,0.0,1.0,0.0
1,0,0.0,1.0,0.035795808,0.08010127,0.0076421057,0.0013321431,0.021655364,0.0017560383,0.015611608,0.0012050322,0.19559453,0.003949813,0.59555876,0.026609251,0.015970314,0.007572707,0.0043313955,0.0,0.0,0.0,0.0,0.0,0.0,0.0,0.0,0.0,1.0,0.0,1.0,0.0,0.0,0.0
1,0,0.0,1.0,0.067634106,0.0016132004,0.014709051,0.00074997835,0.041451804,0.030265585,0.08044867,0.003096747,0.12926082,0.042603787,0.4184218,0.10903432,0.08217369,0.008646679,0.06597593,0.0,0.0,0.0,0.0,0.0,0.0,0.0,0.0,0.0,1.0,0.0,1.0,0.0,0.0,0.0
1,0,0.0,1.0,0.13144913,0.022600291,0.051985122,0.006018368,0.35209018,0.007878257,0.022106,0.0020303135,0.19561213,0.06911342,0.25558048,0.04796424,0.071217425,0.014737078,0.042957712,0.0,0.0,0.0,0.0,0.0,0.0,0.0,0.0,0.0,1.0,0.0,1.0,0.0,0.0,0.0
1,0,0.0,1.0,0.06729847,0.02049336,0.021521829,0.006693365,0.051702794,0.00431408,0.028304368,0.0015567784,0.23817594,0.025334997,0.43699542,0.0875607,0.03546277,0.021016665,0.009422478,0.0,0.0,0.0,0.0,0.0,0.0,0.0,0.0,0.0,1.0,0.0,1.0,0.0,0.0,0.0
1,0,0.0,1.0,0.026912529,0.003695289,0.0034815844,8.614076e-05,0.013622843,0.006010845,0.024050843,0.0018436577,0.07392867,0.024150591,0.69955355,0.067671224,0.03210167,0.003216185,0.004635268,0.0,0.0,0.0,0.0,0.0,0.0,0.0,0.0,0.0,1.0,0.0,1.0,0.0,0.0,0.0
1,0,0.0,1.0,0.056197513,0.017785804,0.009697984,0.0005401936,0.022647446,0.0372362,0.0520875,0.011080632,0.12032392,0.030375257,0.542495,0.06008796,0.057072617,0.0050335103,0.027927805,0.0,0.0,0.0,0.0,0.0,0.0,0.0,0.0,0.0,1.0,0.0,1.0,0.0,0.0,0.0
1,0,1.0,0.0,0.0041143466,0.00013410034,0.001327368,3.0746087e-05,0.001114761,0.00049411063,0.0048268917,1.7722792e-05,0.11587008,0.0022917185,0.8564547,0.018504607,0.0052500186,0.0010498641,0.0023346583,0.0,0.0,0.0,0.0,0.0,0.0,0.0,0.0,0.0,0.0,1.0,0.0,0.0,0.0,0.0
1,0,1.0,0.0,0.05612334,0.014004167,0.026662758,0.0029285788,0.05226382,0.009106754,0.039643906,0.0031829814,0.16384418,0.1455273,0.39113003,0.15691859,0.06046155,0.014362861,0.018692028,0.0,0.0,0.0,0.0,0.0,0.0,0.0,0.0,0.0,0.0,1.0,0.0,0.0,0.0,0.0
1,0,1.0,0.0,0.057013575,0.0314508,0.009207482,0.0005419109,0.04422911,0.017134875,0.053425364,0.010864722,0.098835215,0.03334204,0.54701096,0.06528777,0.06843252,0.0070213634,0.016711723,0.0,0.0,0.0,0.0,0.0,0.0,0.0,0.0,0.0,0.0,1.0,0.0,0.0,0.0,0.0
1,0,1.0,0.0,0.06638741,0.19695474,0.009706286,0.0010608329,0.06051611,0.008428565,0.035953313,0.012505163,0.14867693,0.01561602,0.4654408,0.05322228,0.040373124,0.009047574,0.006545606,0.0,0.0,0.0,0.0,0.0,0.0,0.0,0.0,0.0,0.0,1.0,0.0,0.0,0.0,0.0
1,0,1.0,0.0,0.010793458,0.0008053063,0.0022168823,6.10981e-05,0.002729009,0.001067501,0.0054459185,0.00013511987,0.10421931,0.006389193,0.84056014,0.020641724,0.007816266,0.0016169555,0.002315448,0.0,0.0,0.0,0.0,0.0,0.0,0.0,0.0,0.0,0.0,1.0,0.0,0.0,0.0,0.0
1,0,1.0,0.0,0.0788309,0.022175375,0.048033226,0.020619562,0.07950648,0.009819196,0.0497739,0.0030183324,0.24993534,0.09616789,0.34578347,0.15776125,0.06428464,0.033662207,0.024895787,0.0,0.0,0.0,0.0,0.0,0.0,0.0,0.0,0.0,0.0,1.0,0.0,0.0,0.0,0.0
1,0,1.0,0.0,0.18595123,0.35298336,0.020872045,0.0060791154,0.077693105,0.01001359,0.022468193,0.01457001,0.17781985,0.009128389,0.3606474,0.027216503,0.02242334,0.011891529,0.00547271,0.0,0.0,0.0,0.0,0.0,0.0,0.0,0.0,0.0,0.0,1.0,0.0,0.0,0.0,0.0
1,0,1.0,0.0,0.09425565,0.06065941,0.010278848,0.0009056221,0.04037461,0.01752465,0.036612727,0.016857553,0.17119552,0.023748757,0.5020641,0.05606957,0.04661374,0.008977763,0.010202744,0.0,0.0,0.0,0.0,0.0,0.0,0.0,0.0,0.0,0.0,1.0,0.0,0.0,0.0,0.0
1,0,1.0,0.0,0.1553588,0.05719071,0.036237907,0.005560723,0.1482677,0.022044186,0.06281309,0.017425543,0.22064024,0.09175774,0.26128685,0.14276294,0.08378158,0.022266857,0.032105,0.0,0.0,0.0,0.0,0.0,0.0,0.0,0.0,0.0,0.0,1.0,0.0,0.0,0.0,0.0
1,0,1.0,0.0,0.07850212,0.0020476964,0.0082021495,0.00041049952,0.024568755,0.0320263,0.05784184,0.0045099277,0.12595624,0.018680513,0.54624313,0.069406174,0.058579993,0.0063596577,0.029024081,0.0,0.0,0.0,0.0,0.0,0.0,0.0,0.0,0.0,0.0,1.0,0.0,0.0,0.0,0.0
1,0,1.0,0.0,0.20197865,0.006808869,0.0064770104,0.00037807072,0.009772527,0.040320024,0.038943514,0.017737696,0.12666918,0.01766388,0.53086615,0.06374188,0.031040201,0.005445663,0.013420903,0.0,0.0,0.0,0.0,0.0,0.0,0.0,0.0,0.0,0.0,1.0,0.0,0.0,0.0,0.0
1,0,1.0,0.0,0.020941693,0.002090425,0.0046160836,0.00025681785,0.0063493405,0.0015424775,0.00940256,0.0003260871,0.12271434,0.0151833445,0.7221543,0.04923526,0.012055761,0.0038726232,0.00300564,0.0,0.0,0.0,0.0,0.0,0.0,0.0,0.0,0.0,0.0,1.0,0.0,0.0,0.0,0.0
1,0,1.0,0.0,0.048831847,0.0074976194,0.0071598315,0.0005121993,0.024410186,0.0016830218,0.007883138,0.00045227358,0.18103535,0.0062640435,0.62352985,0.020587888,0.0134599265,0.005357675,0.0044912104,0.0,0.0,0.0,0.0,0.0,0.0,0.0,0.0,0.0,0.0,1.0,0.0,0.0,0.0,0.0
1,0,1.0,0.0,0.048831847,0.0074976194,0.0071598315,0.0005121993,0.024410186,0.0016830218,0.007883138,0.00045227358,0.18103535,0.0062640435,0.62352985,0.020587888,0.0134599265,0.005357675,0.0044912104,0.0,0.0,0.0,0.0,0.0,0.0,0.0,0.0,0.0,0.0,1.0,0.0,0.0,0.0,0.0
1,0,1.0,0.0,0.14194722,0.0073602875,0.020947644,0.0010885613,0.03527395,0.026213532,0.048427023,0.009452858,0.10557952,0.22914553,0.27915066,0.27157536,0.06437078,0.0077224136,0.026993122,0.0,0.0,0.0,0.0,0.0,0.0,0.0,0.0,0.0,0.0,1.0,0.0,0.0,0.0,0.0
1,0,1.0,0.0,0.018266616,0.0030264317,0.004579343,0.00023284018,0.0038274114,0.002325187,0.009137813,0.0005959035,0.1288147,0.0138329305,0.76479477,0.030596776,0.011647619,0.0027073387,0.003800784,0.0,0.0,0.0,0.0,0.0,0.0,0.0,0.0,0.0,0.0,1.0,0.0,0.0,0.0,0.0
1,0,1.0,0.0,0.0660189,0.009381572,0.013447668,0.00045698063,0.061229315,0.059391424,0.08379303,0.010506546,0.13069783,0.03695406,0.41379443,0.06005656,0.1052848,0.0056772544,0.06854343,0.0,0.0,0.0,0.0,0.0,0.0,0.0,0.0,0.0,0.0,1.0,0.0,0.0,0.0,0.0
1,0,1.0,0.0,0.046478737,0.0012040553,0.00443772,0.00023199678,0.0064470307,0.005696212,0.01787082,0.00087855087,0.12076011,0.0069473046,0.70484465,0.033301454,0.017215924,0.0035532115,0.009939215,0.0,0.0,0.0,0.0,0.0,0.0,0.0,0.0,0.0,0.0,1.0,0.0,0.0,0.0,0.0
1,0,1.0,0.0,0.021997083,0.01599082,0.014038446,0.0015085534,0.018065672,0.0037670473,0.026686136,0.0016252403,0.19491881,0.040289473,0.53450173,0.08412848,0.031097924,0.00904869,0.010623624,0.0,0.0,0.0,0.0,0.0,0.0,0.0,0.0,0.0,0.0,1.0,0.0,0.0,0.0,0.0
1,0,1.0,0.0,0.01671499,5.037858e-05,0.001762112,2.8890106e-05,0.0013353722,0.003728619,0.009740689,0.000121762416,0.09790228,0.004400959,0.81539446,0.028816631,0.009455676,0.001257204,0.005810193,0.0,0.0,0.0,0.0,0.0,0.0,0.0,0.0,0.0,0.0,1.0,0.0,0.0,0.0,0.0
1,0,1.0,0.0,0.12595394,0.010284156,0.01758512,0.000972291,0.1471355,0.016375115,0.05462727,0.008006092,0.16762847,0.04283948,0.35786888,0.07267828,0.085503966,0.013231616,0.02772572,0.0,0.0,0.0,0.0,0.0,0.0,0.0,0.0,0.0,0.0,1.0,0.0,0.0,0.0,0.0
1,0,1.0,0.0,0.1139832,0.0072448426,0.00880355,0.00023832642,0.056522384,0.043214545,0.0677965,0.012231881,0.084518544,0.07698306,0.40787354,0.16270648,0.08319076,0.0059599304,0.018302793,0.0,0.0,0.0,0.0,0.0,0.0,0.0,0.0,0.0,0.0,1.0,0.0,0.0,0.0,0.0
1,0,1.0,0.0,0.014263211,0.0036016724,0.005103434,0.00036809908,0.004023768,0.0022775203,0.010981711,0.00047350873,0.14954606,0.0148572335,0.72042173,0.04538796,0.012539127,0.0035175653,0.003916494,0.0,0.0,0.0,0.0,0.0,0.0,0.0,0.0,0.0,0.0,1.0,0.0,0.0,0.0,0.0
1,0,1.0,0.0,0.19489618,0.015612831,0.03647734,0.003138751,0.18891697,0.037381243,0.052685287,0.012763555,0.17976576,0.0727868,0.27800438,0.06527813,0.101884075,0.015069634,0.07169511,0.0,0.0,0.0,0.0,0.0,0.0,0.0,0.0,0.0,0.0,1.0,0.0,0.0,0.0,0.0
1,0,1.0,0.0,0.0823011,0.0015041893,0.017463828,0.00067483366,0.09923213,0.0924005,0.13260886,0.005744753,0.11546874,0.06177925,0.30840588,0.13459685,0.14945899,0.007963057,0.12229067,0.0,0.0,0.0,0.0,0.0,0.0,0.0,0.0,0.0,0.0,1.0,0.0,0.0,0.0,0.0
1,0,1.0,0.0,0.1935372,0.10224512,0.029717721,0.004470453,0.1710475,0.02664285,0.05830027,0.026569566,0.18308084,0.056770366,0.32087818,0.08103349,0.07984149,0.020970544,0.02465825,0.0,0.0,0.0,0.0,0.0,0.0,0.0,0.0,0.0,0.0,1.0,0.0,0.0,0.0,0.0
1,0,1.0,0.0,0.08286932,0.29504794,0.008700916,0.00078648276,0.046431042,0.009557075,0.027760686,0.01752594,0.14437672,0.008537579,0.47627765,0.029223448,0.028491996,0.006068387,0.00584685,0.0,0.0,0.0,0.0,0.0,0.0,0.0,0.0,0.0,0.0,1.0,0.0,0.0,0.0,0.0
1,0,1.0,0.0,0.06080306,0.00067241886,0.014518963,0.00067552953,0.029558884,0.013861236,0.03150011,0.0012911827,0.17151538,0.05618808,0.44352704,0.1429407,0.039963946,0.008112974,0.023025282,0.0,0.0,0.0,0.0,0.0,0.0,0.0,0.0,0.0,0.0,1.0,0.0,0.0,0.0,0.0
1,0,1.0,0.0,0.2186702,0.106829956,0.014587061,0.0014599179,0.09698503,0.0149431545,0.028521722,0.020405704,0.12949733,0.0128950775,0.41769955,0.028231602,0.03476117,0.009761607,0.00988097,0.0,0.0,0.0,0.0,0.0,0.0,0.0,0.0,0.0,0.0,1.0,0.0,0.0,0.0,0.0
1,0,1.0,0.0,0.004637651,0.00048434114,0.001920875,7.084665e-05,0.0015448087,8.2123544e-05,0.0014185733,7.6173146e-06,0.18210669,0.0017973635,0.8294535,0.011314089,0.002178303,0.0014771093,0.0008629967,0.0,0.0,0.0,0.0,0.0,0.0,0.0,0.0,0.0,0.0,1.0,0.0,0.0,0.0,0.0
1,0,1.0,0.0,0.028226184,0.03816497,0.003991357,0.00035028093,0.007404633,0.00917318,0.028807482,0.0034636194,0.052784856,0.014652071,0.7583996,0.049657587,0.02718952,0.0036251217,0.004866489,0.0,0.0,0.0,0.0,0.0,0.0,0.0,0.0,0.0,0.0,1.0,0.0,0.0,0.0,0.0
1,0,1.0,0.0,0.014747101,0.0010457225,0.0015289766,2.8059976e-05,0.004665052,0.001131993,0.0037733659,0.00010458316,0.08267666,0.0024296967,0.8559362,0.009481888,0.006775743,0.001132814,0.0017945819,0.0,0.0,0.0,0.0,0.0,0.0,0.0,0.0,0.0,0.0,1.0,0.0,0.0,0.0,0.0
1,0,1.0,0.0,0.06470736,0.0037825508,0.011685352,0.00058975606,0.027660534,0.038403727,0.081466325,0.0075641684,0.13566083,0.05547646,0.46656576,0.141056,0.079368785,0.0086524775,0.029278759,0.0,0.0,0.0,0.0,0.0,0.0,0.0,0.0,0.0,0.0,1.0,0.0,0.0,0.0,0.0
1,0,1.0,0.0,0.13045587,0.01032653,0.0058789165,0.0006425943,0.013380934,0.0030279844,0.010188861,0.0015598164,0.12687258,0.008199659,0.63452893,0.035409924,0.011101139,0.007146473,0.0025518201,0.0,0.0,0.0,0.0,0.0,0.0,0.0,0.0,0.0,0.0,1.0,0.0,0.0,0.0,0.0
1,0,1.0,0.0,0.093597576,0.010900184,0.011030562,0.00074471807,0.024771696,0.01717291,0.032553174,0.0069005825,0.11910688,0.04314565,0.56705284,0.07501623,0.041117426,0.0076913442,0.014153112,0.0,0.0,0.0,0.0,0.0,0.0,0.0,0.0,0.0,0.0,1.0,0.0,0.0,0.0,0.0
1,0,1.0,0.0,0.014253774,0.0016145672,0.0031022339,6.687966e-05,0.006119532,0.0026432099,0.014946447,0.00048260912,0.121627755,0.010043234,0.7507422,0.03441398,0.016710047,0.0027893544,0.0045493105,0.0,0.0,0.0,0.0,0.0,0.0,0.0,0.0,0.0,0.0,1.0,0.0,0.0,0.0,0.0
1,0,1.0,0.0,0.26806122,0.010629374,0.07936733,0.0106382985,0.4721343,0.009282574,0.009347493,0.000863756,0.21932411,0.044199698,0.20434466,0.024707362,0.04704953,0.016689641,0.044780236,0.0,0.0,0.0,0.0,0.0,0.0,0.0,0.0,0.0,0.0,1.0,0.0,0.0,0.0,0.0
1,0,1.0,0.0,0.004042721,0.00017153032,0.0016464674,5.41651e-05,0.0011494609,0.0002604495,0.0029790618,9.931721e-06,0.11565925,0.0015523502,0.87724686,0.01209933,0.0035721858,0.0011831687,0.002342564,0.0,0.0,0.0,0.0,0.0,0.0,0.0,0.0,0.0,0.0,1.0,0.0,0.0,0.0,0.0
1,0,1.0,0.0,0.14804488,0.022123376,0.04552757,0.0032914036,0.19544344,0.036085237,0.03639387,0.008780342,0.17706716,0.12022167,0.3133697,0.06110951,0.09265695,0.012038837,0.0651938,0.0,0.0,0.0,0.0,0.0,0.0,0.0,0.0,0.0,0.0,1.0,0.0,0.0,0.0,0.0
1,0,1.0,0.0,0.052303247,0.010306126,0.004310965,0.00026392337,0.009389219,0.0025332742,0.011739815,0.0018793403,0.1247112,0.011364281,0.6733895,0.04382956,0.014633783,0.00473754,0.002436984,0.0,0.0,0.0,0.0,0.0,0.0,0.0,0.0,0.0,0.0,1.0,0.0,0.0,0.0,0.0
1,0,1.0,0.0,0.0734774,0.0048217163,0.01765335,0.00046463293,0.066983715,0.063234955,0.08653769,0.010726006,0.11734527,0.114051744,0.40299803,0.11980435,0.11962733,0.0071543097,0.055840883,0.0,0.0,0.0,0.0,0.0,0.0,0.0,0.0,0.0,0.0,1.0,0.0,0.0,0.0,0.0
1,0,1.0,0.0,0.004659228,0.001416775,0.0025915708,0.00014168765,0.002752483,0.0012580754,0.012513512,9.108442e-05,0.123620234,0.0022958904,0.8226442,0.01901442,0.010684798,0.0020181658,0.006056681,0.0,0.0,0.0,0.0,0.0,0.0,0.0,0.0,0.0,0.0,1.0,0.0,0.0,0.0,0.0
1,0,1.0,0.0,0.06656235,0.029381203,0.014763293,0.0016009094,0.037163433,0.027827764,0.06349991,0.010210914,0.15626553,0.031207496,0.49468145,0.08119389,0.06457403,0.011197961,0.032233465,0.0,0.0,0.0,0.0,0.0,0.0,0.0,0.0,0.0,0.0,1.0,0.0,0.0,0.0,0.0
1,0,1.0,0.0,0.008935273,0.0004394071,0.0059934175,0.0012650725,0.0014013081,0.00030254936,0.002879424,1.8031691e-05,0.15217707,0.006337624,0.8025157,0.030043457,0.0033846595,0.0038217653,0.0023468963,0.0,0.0,0.0,0.0,0.0,0.0,0.0,0.0,0.0,0.0,1.0,0.0,0.0,0.0,0.0
1,0,1.0,0.0,0.013163703,0.0003382318,0.003947791,0.00013069414,0.0029207184,0.004871824,0.02349922,0.0003636299,0.097981244,0.019320762,0.7133499,0.096388966,0.019928522,0.0029939457,0.007239944,0.0,0.0,0.0,0.0,0.0,0.0,0.0,0.0,0.0,0.0,1.0,0.0,0.0,0.0,0.0
1,0,1.0,0.0,0.022885984,0.003679362,0.004077741,0.00017960297,0.00485444,0.0043782527,0.013951944,0.0011891434,0.11841748,0.011863094,0.7549561,0.03411828,0.016340245,0.0029009597,0.0053352104,0.0,0.0,0.0,0.0,0.0,0.0,0.0,0.0,0.0,0.0,1.0,0.0,0.0,0.0,0.0
1,0,1.0,0.0,0.021633292,0.0037522467,0.005017228,0.00044561137,0.0038998278,0.00092414435,0.0061107194,0.00031707925,0.11641609,0.020189242,0.75296986,0.047205105,0.008584625,0.0044053276,0.0017037026,0.0,0.0,0.0,0.0,0.0,0.0,0.0,0.0,0.0,0.0,1.0,0.0,0.0,0.0,0.0
1,0,1.0,0.0,0.023595758,0.001251415,0.006317956,0.00028361147,0.006724524,0.018950365,0.049956825,0.0016445975,0.12815073,0.01670172,0.62620026,0.07357888,0.04016704,0.004322929,0.026224919,0.0,0.0,0.0,0.0,0.0,0.0,0.0,0.0,0.0,0.0,1.0,0.0,0.0,0.0,0.0
1,0,1.0,0.0,0.31897986,0.009783682,0.0065239365,0.0003677266,0.012636457,0.027057286,0.031076208,0.01668961,0.11356512,0.016223414,0.4729747,0.061718088,0.022242598,0.0060930415,0.009052783,0.0,0.0,0.0,0.0,0.0,0.0,0.0,0.0,0.0,0.0,1.0,0.0,0.0,0.0,0.0
1,0,1.0,0.0,0.08776431,0.012625341,0.013075244,0.00079307216,0.060828842,0.023554485,0.057170462,0.008874135,0.14701338,0.040620115,0.464439,0.08290072,0.0719557,0.010643962,0.024107829,0.0,0.0,0.0,0.0,0.0,0.0,0.0,0.0,0.0,0.0,1.0,0.0,0.0,0.0,0.0
1,0,1.0,0.0,0.028529938,0.023800582,0.008244917,0.0010325772,0.019898083,0.0034644948,0.01954888,0.0012285126,0.17559105,0.010294135,0.6162834,0.039957073,0.023342714,0.00654948,0.0071421564,0.0,0.0,0.0,0.0,0.0,0.0,0.0,0.0,0.0,0.0,1.0,0.0,0.0,0.0,0.0
1,0,1.0,0.0,0.06261836,0.010723947,0.01966475,0.002231664,0.03275818,0.011537505,0.03952142,0.004750813,0.19595468,0.05082528,0.46576446,0.087925985,0.049745414,0.011716506,0.024551472,0.0,0.0,0.0,0.0,0.0,0.0,0.0,0.0,0.0,0.0,1.0,0.0,0.0,0.0,0.0
1,0,1.0,0.0,0.097868204,0.008606963,0.010449237,0.0015733563,0.011748442,0.0052039665,0.023982061,0.0033912316,0.160872,0.026928542,0.5387004,0.096462935,0.021645283,0.011256862,0.0059060697,0.0,0.0,0.0,0.0,0.0,0.0,0.0,0.0,0.0,0.0,1.0,0.0,0.0,0.0,0.0
1,0,1.0,0.0,0.06932841,0.00081906846,0.012728759,0.0007601395,0.016388262,0.03295983,0.046569582,0.0025236164,0.16209239,0.045451637,0.45448914,0.13358411,0.047020447,0.0063375044,0.03575045,0.0,0.0,0.0,0.0,0.0,0.0,0.0,0.0,0.0,0.0,1.0,0.0,0.0,0.0,0.0
1,0,1.0,0.0,0.08880489,0.009679962,0.009162594,0.00057092326,0.029973458,0.031535417,0.054438762,0.011448488,0.12516892,0.037719585,0.5411704,0.099525124,0.06118828,0.008687127,0.014877767,0.0,0.0,0.0,0.0,0.0,0.0,0.0,0.0,0.0,0.0,1.0,0.0,0.0,0.0,0.0
1,0,1.0,0.0,0.018399253,0.0014953975,0.0035989403,0.00018032193,0.005550325,0.0013839119,0.008474995,0.00018972375,0.14966595,0.005130649,0.758041,0.024083907,0.01047004,0.003300224,0.0032670626,0.0,0.0,0.0,0.0,0.0,0.0,0.0,0.0,0.0,0.0,1.0,0.0,0.0,0.0,0.0
1,0,1.0,0.0,0.06609763,0.002833079,0.012799403,0.000955751,0.03544604,0.03406537,0.079002164,0.004251875,0.16700013,0.026689239,0.4277101,0.11139994,0.0729863,0.0093890065,0.043702155,0.0,0.0,0.0,0.0,0.0,0.0,0.0,0.0,0.0,0.0,1.0,0.0,0.0,0.0,0.0
1,0,1.0,0.0,0.008058263,0.00013005898,0.0051621986,0.00013455583,0.0022468732,0.002470554,0.013220888,0.0001283033,0.14617805,0.018913811,0.7454363,0.052369628,0.012929847,0.002437805,0.009400238,0.0,0.0,0.0,0.0,0.0,0.0,0.0,0.0,0.0,0.0,1.0,0.0,0.0,0.0,0.0
1,0,1.0,0.0,0.08576368,0.011619832,0.020936878,0.002129346,0.14509921,0.012967211,0.048170123,0.0029667092,0.13559073,0.046067163,0.38604826,0.08021573,0.08103005,0.013048118,0.031276062,0.0,0.0,0.0,0.0,0.0,0.0,0.0,0.0,0.0,0.0,1.0,0.0,0.0,0.0,0.0
1,0,1.0,0.0,0.03009323,0.014545781,0.002577082,0.00027591133,0.002314884,0.0009190268,0.0044606193,0.0005757877,0.12022062,0.00535453,0.7738788,0.024904326,0.005011404,0.0026431219,0.00082296133,0.0,0.0,0.0,0.0,0.0,0.0,0.0,0.0,0.0,0.0,1.0,0.0,0.0,0.0,0.0
1,0,1.0,0.0,0.023573976,0.00049987686,0.005573341,0.00026856782,0.002613637,0.0070558297,0.019493999,0.0007413893,0.12807186,0.018435543,0.7335966,0.05469313,0.017542448,0.003159228,0.010841936,0.0,0.0,0.0,0.0,0.0,0.0,0.0,0.0,0.0,0.0,1.0,0.0,0.0,0.0,0.0
1,0,1.0,0.0,0.052173264,0.14634869,0.013423385,0.0021140813,0.038366333,0.010263433,0.042058785,0.012021869,0.17657901,0.01897758,0.506189,0.056386508,0.04363167,0.01055752,0.011808156,0.0,0.0,0.0,0.0,0.0,0.0,0.0,0.0,0.0,0.0,1.0,0.0,0.0,0.0,0.0
1,0,1.0,0.0,0.009116032,0.0010356008,0.0020050558,0.000100946105,0.002272507,0.00046251825,0.0045268587,4.556911e-05,0.14210844,0.0020755117,0.8153134,0.016639274,0.0053991745,0.002088807,0.0016150592,0.0,0.0,0.0,0.0,0.0,0.0,0.0,0.0,0.0,0.0,1.0,0.0,0.0,0.0,0.0
1,0,1.0,0.0,0.008868769,0.0006039223,0.0036371427,0.00014467948,0.0038051698,0.0019094717,0.013631834,0.00013970825,0.185411,0.0048765354,0.7282061,0.0324925,0.013288498,0.002837586,0.0068993927,0.0,0.0,0.0,0.0,0.0,0.0,0.0,0.0,0.0,0.0,1.0,0.0,0.0,0.0,0.0
1,0,1.0,0.0,0.053083394,0.0060377102,0.0045091785,0.00036677378,0.0045644045,0.0020906904,0.010575542,0.0014372139,0.11111674,0.020237116,0.70009077,0.06604225,0.01120972,0.0050753253,0.0020342013,0.0,0.0,0.0,0.0,0.0,0.0,0.0,0.0,0.0,0.0,1.0,0.0,0.0,0.0,0.0
1,0,1.0,0.0,0.24020687,0.012827462,0.034517758,0.0024268262,0.2390394,0.07455751,0.06820031,0.018633867,0.15533862,0.061799414,0.24517862,0.05275808,0.12768406,0.012745572,0.11795242,0.0,0.0,0.0,0.0,0.0,0.0,0.0,0.0,0.0,0.0,1.0,0.0,0.0,0.0,0.0
1,0,1.0,0.0,0.19707458,0.04363735,0.014899183,0.001359931,0.06102172,0.031741876,0.05029722,0.024082178,0.15771846,0.023922304,0.39083743,0.058834724,0.051927898,0.010599968,0.024451489,0.0,0.0,0.0,0.0,0.0,0.0,0.0,0.0,0.0,0.0,1.0,0.0,0.0,0.0,0.0
1,0,1.0,0.0,0.4637693,0.009709577,0.027442774,0.0026228188,0.07628708,0.066339016,0.03173777,0.011971122,0.15802929,0.024519978,0.2633722,0.03600931,0.038429607,0.009659668,0.0734961,0.0,0.0,0.0,0.0,0.0,0.0,0.0,0.0,0.0,0.0,1.0,0.0,0.0,0.0,0.0
1,0,1.0,0.0,0.029414749,0.00076170603,0.0052072853,0.00018942983,0.008254545,0.016916199,0.033226565,0.0010186936,0.1250313,0.010377061,0.66324097,0.04264938,0.03273584,0.0029070529,0.024668854,0.0,0.0,0.0,0.0,0.0,0.0,0.0,0.0,0.0,0.0,1.0,0.0,0.0,0.0,0.0
1,0,1.0,0.0,0.05904815,0.011056613,0.008467394,0.00042558505,0.020305634,0.017853245,0.042866055,0.0074780253,0.12980898,0.023078784,0.58798563,0.05476931,0.04557793,0.006051103,0.02005429,0.0,0.0,0.0,0.0,0.0,0.0,0.0,0.0,0.0,0.0,1.0,0.0,0.0,0.0,0.0
