1,0,0.0,1.0,0.13058506,0.0016568113,0.021359276,0.001317107,0.061407864,0.2321021,0.06692554,0.0013319015,0.15723431,0.039348733,0.30688572,0.21684048,0.06838604,0.014587026,0.027370414,0.0,0.0,0.0,0.0,0.0,0.0,0.0,0.0,0.0,1.0,0.0,1.0,0.0,0.0,0.0
1,0,0.0,1.0,0.1076872,0.6617207,0.0162255,0.0020875211,0.28994125,0.040936127,0.028914016,0.068239115,0.120212995,0.60190725,0.10330811,0.053306416,0.039346866,0.007500366,0.05444401,0.0,0.0,0.0,0.0,0.0,0.0,0.0,0.0,0.0,1.0,0.0,1.0,0.0,0.0,0.0
1,0,0.0,1.0,0.051175002,0.002799453,0.016238835,0.003695331,0.039185483,0.03562849,0.07572554,0.017764542,0.1728501,0.0831318,0.39165112,0.11318286,0.065314084,0.009263037,0.007501648,0.0,0.0,0.0,0.0,0.0,0.0,0.0,0.0,0.0,1.0,0.0,1.0,0.0,0.0,0.0
1,0,0.0,1.0,0.10638238,0.0006892942,0.02168556,0.00054188975,0.023021854,0.03533357,0.053041548,0.013686027,0.14806384,0.05048702,0.2418649,0.5024085,0.06577771,0.006122386,0.0065833884,0.0,0.0,0.0,0.0,0.0,0.0,0.0,0.0,0.0,1.0,0.0,1.0,0.0,0.0,0.0
1,0,0.0,1.0,0.22213344,0.038398657,0.007838741,0.0008306587,0.15338224,0.28092575,0.033634353,0.036554907,0.15167317,0.04900406,0.23060831,0.033494603,0.1219182,0.005155767,0.011616498,0.0,0.0,0.0,0.0,0.0,0.0,0.0,0.0,0.0,1.0,0.0,1.0,0.0,0.0,0.0
1,0,0.0,1.0,0.01683507,3.398678e-05,0.009991845,0.000117747964,0.01721807,0.0039655194,0.08319886,0.003118947,0.08979203,0.037425622,0.3266835,0.39068985,0.043192104,0.0022345388,0.0390684,0.0,0.0,0.0,0.0,0.0,0.0,0.0,0.0,0.0,1.0,0.0,1.0,0.0,0.0,0.0
1,0,0.0,1.0,0.06237275,0.010447955,0.02080381,0.0015431569,0.08215791,0.18070848,0.09930566,0.007028958,0.17356227,0.084208876,0.22203663,0.3487176,0.08204263,0.009341812,0.011031145,0.0,0.0,0.0,0.0,0.0,0.0,0.0,0.0,0.0,1.0,0.0,1.0,0.0,0.0,0.0
1,0,0.0,1.0,0.012019791,0.00012752828,0.01379785,0.0001905788,0.024132263,0.030313283,0.018146148,0.00018833323,0.113225706,0.11237762,0.15767723,0.65854055,0.04035937,0.0018641985,0.01580718,0.0,0.0,0.0,0.0,0.0,0.0,0.0,0.0,0.0,1.0,0.0,1.0,0.0,0.0,0.0
1,0,0.0,1.0,0.023323776,0.0035204783,0.008020506,0.003255673,0.022791902,0.025009807,0.0043718717,0.000351132,0.078218184,0.21090806,0.12466695,0.40752766,0.026002092,0.0018292703,0.01883791,0.0,0.0,0.0,0.0,0.0,0.0,0.0,0.0,0.0,1.0,0.0,1.0,0.0,0.0,0.0
1,0,0.0,1.0,0.101378284,0.09072406,0.025086066,0.004637125,0.04464241,0.060625397,0.057489805,0.12523888,0.13048379,0.15337886,0.30140325,0.16409162,0.104116105,0.011472311,0.00995231,0.0,0.0,0.0,0.0,0.0,0.0,0.0,0.0,0.0,1.0,0.0,1.0,0.0,0.0,0.0
1,0,0.0,1.0,0.10775162,0.00041813825,0.017309071,0.00029193144,0.052201193,0.06060383,0.09094773,0.20505154,0.28872037,0.111903526,0.2635848,0.062189106,0.14751917,0.011659048,0.0008248825,0.0,0.0,0.0,0.0,0.0,0.0,0.0,0.0,0.0,1.0,0.0,1.0,0.0,0.0,0.0
1,0,0.0,1.0,0.25186688,0.05298791,0.031770628,0.012990834,0.40530518,0.033910606,0.054208197,0.006644055,0.21633099,0.13733679,0.12713668,0.06766514,0.16434063,0.013215345,0.0151029695,0.0,0.0,0.0,0.0,0.0,0.0,0.0,0.0,0.0,1.0,0.0,1.0,0.0,0.0,0.0
1,0,0.0,1.0,0.048462406,0.00069166376,0.026087422,0.0015574731,0.1294406,0.2174013,0.3084667,0.032330275,0.1531454,0.14974345,0.14214621,0.1439713,0.33173418,0.0042681918,0.008514353,0.0,0.0,0.0,0.0,0.0,0.0,0.0,0.0,0.0,1.0,0.0,1.0,0.0,0.0,0.0
1,0,0.0,1.0,0.15685536,0.009424133,0.03757791,0.008679808,0.18003565,0.03430512,0.042940002,0.040264074,0.16141565,0.25383216,0.14064583,0.2551507,0.06012874,0.012271119,0.019363338,0.0,0.0,0.0,0.0,0.0,0.0,0.0,0.0,0.0,1.0,0.0,1.0,0.0,0.0,0.0
1,0,0.0,1.0,0.11890866,0.0068069613,0.032641936,0.005932,0.026866196,0.02125077,0.01859195,0.0019623209,0.15226373,0.23477428,0.14482413,0.45217472,0.020787744,0.018259017,0.0055975746,0.0,0.0,0.0,0.0,0.0,0.0,0.0,0.0,0.0,1.0,0.0,1.0,0.0,0.0,0.0
1,0,0.0,1.0,0.27223,0.04854927,0.033118043,0.0017674378,0.3205729,0.06701561,0.11357013,0.04692211,0.17716016,0.065227896,0.12460118,0.06724288,0.16698948,0.013960592,0.013030524,0.0,0.0,0.0,0.0,0.0,0.0,0.0,0.0,0.0,1.0,0.0,1.0,0.0,0.0,0.0
1,0,0.0,1.0,0.12606244,0.0060931453,0.008095787,0.0003878605,0.18925396,0.049766842,0.07419759,0.034871243,0.12200221,0.3551528,0.15508938,0.18022095,0.10371312,0.0050342525,0.01407867,0.0,0.0,0.0,0.0,0.0,0.0,0.0,0.0,0.0,1.0,0.0,1.0,0.0,0.0,0.0
1,0,0.0,1.0,0.030917188,0.00011505388,0.011716093,0.00013584411,0.030748175,0.40369058,0.14839894,0.01142641,0.19515759,0.029263841,0.3729776,0.1764831,0.13593592,0.004940404,0.0054097497,0.0,0.0,0.0,0.0,0.0,0.0,0.0,0.0,0.0,1.0,0.0,1.0,0.0,0.0,0.0
1,0,0.0,1.0,0.061244212,0.0016246903,0.007237042,0.0004293216,0.044738047,0.07143226,0.054257937,0.012975699,0.12699383,0.051269565,0.40810403,0.22291498,0.04835368,0.0071378197,0.008630753,0.0,0.0,0.0,0.0,0.0,0.0,0.0,0.0,0.0,1.0,0.0,1.0,0.0,0.0,0.0
1,0,0.0,1.0,0.01336401,0.0009088801,0.012717163,0.00013516743,0.00695283,0.018951999,0.018884378,0.000118342294,0.079855174,0.018236035,0.5924661,0.2568136,0.02815939,0.0034952944,0.016640825,0.0,0.0,0.0,0.0,0.0,0.0,0.0,0.0,0.0,1.0,0.0,1.0,0.0,0.0,0.0
1,0,0.0,1.0,0.05868968,0.00070382317,0.021802234,0.0003895706,0.061917394,0.17902467,0.058886677,0.002568768,0.10757503,0.07529952,0.1448444,0.40734333,0.16240972,0.0040076524,0.041373324,0.0,0.0,0.0,0.0,0.0,0.0,0.0,0.0,0.0,1.0,0.0,1.0,0.0,0.0,0.0
1,0,0.0,1.0,0.048790555,0.0008293165,0.01309076,0.0021995804,0.02004999,0.005642326,0.010361451,3.2515592e-05,0.11424603,0.009894565,0.68770564,0.016022237,0.019268336,0.0060100043,0.009409535,0.0,0.0,0.0,0.0,0.0,0.0,0.0,0.0,0.0,1.0,0.0,1.0,0.0,0.0,0.0
1,0,0.0,1.0,0.04489134,0.000195771,0.030440114,0.00041219272,0.011805681,0.049571205,0.062096328,0.001623767,0.15113597,0.15875776,0.219167,0.32941222,0.054303795,0.010663845,0.006070878,0.0,0.0,0.0,0.0,0.0,0.0,0.0,0.0,0.0,1.0,0.0,1.0,0.0,0.0,0.0
1,0,0.0,1.0,0.07900024,0.0018093057,0.021446735,0.00046153128,0.039992172,0.062340554,0.069395006,0.02123543,0.099264935,0.07385489,0.28145313,0.41080904,0.059507836,0.0058865603,0.009473369,0.0,0.0,0.0,0.0,0.0,0.0,0.0,0.0,0.0,1.0,0.0,1.0,0.0,0.0,0.0
1,0,0.0,1.0,0.08737573,0.010977133,0.020887034,0.003200896,0.22994053,0.069098525,0.07997334,0.0069018863,0.16617648,0.2545206,0.13924329,0.2281412,0.12365324,0.008082204,0.00823581,0.0,0.0,0.0,0.0,0.0,0.0,0.0,0.0,0.0,1.0,0.0,1.0,0.0,0.0,0.0
1,0,0.0,1.0,0.08737573,0.010977133,0.020887034,0.003200896,0.22994053,0.069098525,0.07997334,0.0069018863,0.16617648,0.2545206,0.13924329,0.2281412,0.12365324,0.008082204,0.00823581,0.0,0.0,0.0,0.0,0.0,0.0,0.0,0.0,0.0,1.0,0.0,1.0,0.0,0.0,0.0
1,0,0.0,1.0,0.028338728,0.0008269551,0.007330765,0.00012631188,0.0076860767,0.0064717843,0.018576868,3.3821914e-05,0.071491614,0.007601764,0.7329696,0.045337975,0.021894084,0.0033353008,0.029775973,0.0,0.0,0.0,0.0,0.0,0.0,0.0,0.0,0.0,1.0,0.0,1.0,0.0,0.0,0.0
1,0,0.0,1.0,0.15664938,0.0009940038,0.024634207,0.00031251958,0.0345818,0.12675619,0.059870943,0.010348453,0.20765767,0.10913505,0.29112518,0.08088429,0.07859374,0.01306375,0.0048301597,0.0,0.0,0.0,0.0,0.0,0.0,0.0,0.0,0.0,1.0,0.0,1.0,0.0,0.0,0.0
1,0,0.0,1.0,0.4353633,0.04475416,0.036202732,0.0040604444,0.13558504,0.05406712,0.015635522,0.063985206,0.14828476,0.37348107,0.15001418,0.09732804,0.056122456,0.018364226,0.033759028,0.0,0.0,0.0,0.0,0.0,0.0,0.0,0.0,0.0,1.0,0.0,1.0,0.0,0.0,0.0
1,0,0.0,1.0,0.14476715,0.0042940476,0.0193889,0.0016166085,0.02701773,0.18723048,0.15443306,0.017717127,0.17604871,0.05950025,0.25193983,0.13927256,0.15429063,0.008262587,0.0153464805,0.0,0.0,0.0,0.0,0.0,0.0,0.0,0.0,0.0,1.0,0.0,1.0,0.0,0.0,0.0
1,0,0.0,1.0,0.06184999,0.0011570146,0.014203245,0.0012758565,0.016545666,0.055099685,0.033731718,0.00079515995,0.11347239,0.01718116,0.5262932,0.097854175,0.042110734,0.004320522,0.0098945275,0.0,0.0,0.0,0.0,0.0,0.0,0.0,0.0,0.0,1.0,0.0,1.0,0.0,0.0,0.0
1,0,0.0,1.0,0.06184999,0.0011570146,0.014203245,0.0012758565,0.016545666,0.055099685,0.033731718,0.00079515995,0.11347239,0.01718116,0.5262932,0.097854175,0.042110734,0.004320522,0.0098945275,0.0,0.0,0.0,0.0,0.0,0.0,0.0,0.0,0.0,1.0,0.0,1.0,0.0,0.0,0.0
1,0,0.0,1.0,0.044296682,0.0051573673,0.007468981,0.00015256584,0.012351838,0.037965983,0.069062404,0.0061895372,0.14678346,0.015169696,0.45600232,0.06178079,0.060374398,0.0037633756,0.020386212,0.0,0.0,0.0,0.0,0.0,0.0,0.0,0.0,0.0,1.0,0.0,1.0,0.0,0.0,0.0
1,0,0.0,1.0,0.050256882,0.036235142,0.0036584854,0.00018372588,0.10007725,0.18945433,0.107502796,0.005420346,0.104013294,0.04355615,0.27200103,0.36778337,0.12200717,0.0017268683,0.0017448216,0.0,0.0,0.0,0.0,0.0,0.0,0.0,0.0,0.0,1.0,0.0,1.0,0.0,0.0,0.0
1,0,0.0,1.0,0.02919124,0.0003625396,0.028212696,0.00049056835,0.020932354,0.028973177,0.020716915,0.0020006476,0.19844563,0.1532378,0.11648204,0.6360917,0.047704637,0.007912418,0.007781957,0.0,0.0,0.0,0.0,0.0,0.0,0.0,0.0,0.0,1.0,0.0,1.0,0.0,0.0,0.0
1,0,0.0,1.0,0.11695121,0.00032995825,0.019002048,0.00033441852,0.02166372,0.040812746,0.035829306,0.01293739,0.07840781,0.17645916,0.29506052,0.36704832,0.052689523,0.0076544606,0.00828932,0.0,0.0,0.0,0.0,0.0,0.0,0.0,0.0,0.0,1.0,0.0,1.0,0.0,0.0,0.0
1,0,0.0,1.0,0.036244426,0.47543246,0.0056765843,0.0018035048,0.08579526,0.016412513,0.037843052,0.00027980548,0.08733469,0.008387169,0.41695055,0.04670491,0.016048554,0.0023927004,0.006134431,0.0,0.0,0.0,0.0,0.0,0.0,0.0,0.0,0.0,1.0,0.0,1.0,0.0,0.0,0.0
1,0,0.0,1.0,0.097772695,0.0023521741,0.019020483,0.0010788224,0.043716926,0.020545509,0.051548,0.020350944,0.24606362,0.04283715,0.3632208,0.26360434,0.0321566,0.015600262,0.0034230244,0.0,0.0,0.0,0.0,0.0,0.0,0.0,0.0,0.0,1.0,0.0,1.0,0.0,0.0,0.0
1,0,0.0,1.0,0.031514376,0.00042376455,0.02856837,0.00056142954,0.010287374,0.0029389258,0.019943407,0.00024324676,0.08231735,0.05616309,0.29389355,0.46792138,0.025836945,0.004919597,0.0067116595,0.0,0.0,0.0,0.0,0.0,0.0,0.0,0.0,0.0,1.0,0.0,1.0,0.0,0.0,0.0
1,0,0.0,1.0,0.06819055,0.00043974773,0.014492534,0.0004464666,0.0426557,0.075581394,0.01628616,0.010377658,0.12141296,0.09773608,0.12307565,0.79495203,0.0288512,0.0023305349,0.0013455957,0.0,0.0,0.0,0.0,0.0,0.0,0.0,0.0,0.0,1.0,0.0,1.0,0.0,0.0,0.0
1,0,0.0,1.0,0.26026192,0.0021812816,0.032701828,0.0021274225,0.06715592,0.040477455,0.045276266,0.05860807,0.15648557,0.18024787,0.20930639,0.23870735,0.05449158,0.019818215,0.0076461597,0.0,0.0,0.0,0.0,0.0,0.0,0.0,0.0,0.0,1.0,0.0,1.0,0.0,0.0,0.0
1,0,0.0,1.0,0.12279198,0.0021090535,0.012203182,0.0014271853,0.08924257,0.019559534,0.049156036,0.023281856,0.09237243,0.37201732,0.29467747,0.22836071,0.047252044,0.010839334,0.0051699625,0.0,0.0,0.0,0.0,0.0,0.0,0.0,0.0,0.0,1.0,0.0,1.0,0.0,0.0,0.0
1,0,0.0,1.0,0.06297313,0.07803103,0.015277333,0.0018431821,0.06767921,0.11763597,0.033167873,0.011776594,0.1177264,0.16753486,0.19136763,0.422973,0.04515197,0.0048403973,0.014630923,0.0,0.0,0.0,0.0,0.0,0.0,0.0,0.0,0.0,1.0,0.0,1.0,0.0,0.0,0.0
1,0,0.0,1.0,0.04923509,0.0004857715,0.019354325,0.00054341735,0.0401232,0.1761537,0.08040772,0.032997448,0.15136042,0.1471243,0.17859662,0.2708549,0.09031576,0.0049986,0.014733132,0.0,0.0,0.0,0.0,0.0,0.0,0.0,0.0,0.0,1.0,0.0,1.0,0.0,0.0,0.0
1,0,0.0,1.0,0.3707738,0.0033506956,0.020133547,0.0005186578,0.41705394,0.16557096,0.05771093,0.022311823,0.11693424,0.045365486,0.109080635,0.062006805,0.11233211,0.005181942,0.012097872,0.0,0.0,0.0,0.0,0.0,0.0,0.0,0.0,0.0,1.0,0.0,1.0,0.0,0.0,0.0
1,0,0.0,1.0,0.08420329,0.014148975,0.005348005,0.00040495722,0.025280382,0.1541849,0.03526814,0.007982171,0.22384888,0.014665005,0.38360325,0.096259445,0.049612187,0.0036940463,0.00060177967,0.0,0.0,0.0,0.0,0.0,0.0,0.0,0.0,0.0,1.0,0.0,1.0,0.0,0.0,0.0
1,0,0.0,1.0,0.20307119,0.038206678,0.022187466,0.00091295986,0.34898573,0.15816747,0.090474844,0.034323223,0.1853276,0.1460548,0.13214974,0.14212318,0.08195525,0.0100171305,0.00629203,0.0,0.0,0.0,0.0,0.0,0.0,0.0,0.0,0.0,1.0,0.0,1.0,0.0,0.0,0.0
1,0,0.0,1.0,0.17956433,0.08282644,0.021088246,0.003453551,0.2577876,0.05373161,0.04559716,0.17343636,0.10134285,0.52552325,0.14229713,0.061662138,0.15054065,0.008008292,0.008821259,0.0,0.0,0.0,0.0,0.0,0.0,0.0,0.0,0.0,1.0,0.0,1.0,0.0,0.0,0.0
1,0,0.0,1.0,0.06308244,0.004357253,0.008054396,0.0009063584,0.5352752,0.13324928,0.08710526,0.0017584639,0.10611263,0.06557567,0.1693272,0.1566312,0.18178582,0.0032119362,0.010360884,0.0,0.0,0.0,0.0,0.0,0.0,0.0,0.0,0.0,1.0,0.0,1.0,0.0,0.0,0.0
1,0,0.0,1.0,0.1394158,0.014180102,0.016535023,0.0017870975,0.07486217,0.22937909,0.08095943,0.08159546,0.15932377,0.028823122,0.33624732,0.08226401,0.080896124,0.013153264,0.003858357,0.0,0.0,0.0,0.0,0.0,0.0,0.0,0.0,0.0,1.0,0.0,1.0,0.0,0.0,0.0
1,0,0.0,1.0,0.15120688,0.0062540695,0.016100775,0.00066370686,0.046233777,0.108863585,0.093336284,0.16719988,0.17066059,0.047353547,0.28739056,0.24995302,0.046347037,0.008752799,0.0060541155,0.0,0.0,0.0,0.0,0.0,0.0,0.0,0.0,0.0,1.0,0.0,1.0,0.0,0.0,0.0
1,0,0.0,1.0,0.03601118,0.0051303427,0.010995843,0.0007329786,0.041508395,0.085205294,0.11648758,0.0011155934,0.12580532,0.010008557,0.43970674,0.039913528,0.10134694,0.0048922445,0.014288085,0.0,0.0,0.0,0.0,0.0,0.0,0.0,0.0,0.0,1.0,0.0,1.0,0.0,0.0,0.0
1,0,0.0,1.0,0.17196685,0.0014232344,0.036303427,0.0005326782,0.14208017,0.42911768,0.10762853,0.019936096,0.1831314,0.3340902,0.10779137,0.13982728,0.10091307,0.01120629,0.041314717,0.0,0.0,0.0,0.0,0.0,0.0,0.0,0.0,0.0,1.0,0.0,1.0,0.0,0.0,0.0
1,0,0.0,1.0,0.07108353,0.00033956082,0.01247682,0.0007127645,0.034025457,0.024380866,0.06361107,0.0058941017,0.12563296,0.067646384,0.3772897,0.19427986,0.050956953,0.009523947,0.0053048953,0.0,0.0,0.0,0.0,0.0,0.0,0.0,0.0,0.0,1.0,0.0,1.0,0.0,0.0,0.0
1,0,0.0,1.0,0.10730423,0.0010762459,0.028453995,0.0007771893,0.083453774,0.03973413,0.03940692,0.01517832,0.13617064,0.1312958,0.16422988,0.42823455,0.0722037,0.009577905,0.011909948,0.0,0.0,0.0,0.0,0.0,0.0,0.0,0.0,0.0,1.0,0.0,1.0,0.0,0.0,0.0
1,0,0.0,1.0,0.0831387,0.0068802345,0.014963853,0.00075784995,0.022665601,0.015479706,0.102724336,0.003631438,0.21411641,0.008110408,0.37202197,0.13753213,0.06172313,0.005877493,0.01080603,0.0,0.0,0.0,0.0,0.0,0.0,0.0,0.0,0.0,1.0,0.0,1.0,0.0,0.0,0.0
1,0,0.0,1.0,0.05086587,0.003445647,0.019696042,0.0006772506,0.07486278,0.15104492,0.049341224,0.013443823,0.19700386,0.10551011,0.16607465,0.6914807,0.07660509,0.0065526455,0.0093861725,0.0,0.0,0.0,0.0,0.0,0.0,0.0,0.0,0.0,1.0,0.0,1.0,0.0,0.0,0.0
1,0,0.0,1.0,0.0833294,0.00020751555,0.011209703,0.00029176395,0.028599953,0.41378427,0.05382685,0.0033799517,0.2019033,0.022490665,0.3710101,0.16187505,0.051530145,0.007507145,0.0025637273,0.0,0.0,0.0,0.0,0.0,0.0,0.0,0.0,0.0,1.0,0.0,1.0,0.0,0.0,0.0
1,0,0.0,1.0,0.09509486,0.006604556,0.011008337,0.0012559551,0.12171122,0.08943907,0.11331881,0.045696594,0.14516245,0.040621024,0.32416585,0.06101624,0.098351225,0.0108066825,0.006092894,0.0,0.0,0.0,0.0,0.0,0.0,0.0,0.0,0.0,1.0,0.0,1.0,0.0,0.0,0.0
1,0,0.0,1.0,0.17072183,0.001703839,0.029044222,0.0019950639,0.05225677,0.0132990545,0.05230265,0.19689643,0.14571129,0.72634804,0.11502728,0.15889542,0.035000894,0.014900812,0.006798729,0.0,0.0,0.0,0.0,0.0,0.0,0.0,0.0,0.0,1.0,0.0,1.0,0.0,0.0,0.0
1,0,0.0,1.0,0.16109915,0.022410363,0.025399815,0.0011606341,0.027580518,0.029159993,0.19790125,0.010818112,0.22366534,0.044816848,0.28374097,0.16905715,0.14528765,0.0075209634,0.007941397,0.0,0.0,0.0,0.0,0.0,0.0,0.0,0.0,0.0,1.0,0.0,1.0,0.0,0.0,0.0
1,0,0.0,1.0,0.038068544,0.0021677343,0.028917309,0.0014017113,0.020123791,0.010297647,0.048885617,0.0007698675,0.05752657,0.10260756,0.45681837,0.15542652,0.059904676,0.008355849,0.08161792,0.0,0.0,0.0,0.0,0.0,0.0,0.0,0.0,0.0,1.0,0.0,1.0,0.0,0.0,0.0
1,0,0.0,1.0,0.05660094,0.0015407974,0.043419834,0.001668177,0.045613017,0.1816072,0.09995475,0.002916733,0.30945107,0.03754692,0.2664659,0.17235015,0.08645712,0.021399114,0.008491499,0.0,0.0,0.0,0.0,0.0,0.0,0.0,0.0,0.0,1.0,0.0,1.0,0.0,0.0,0.0
1,0,0.0,1.0,0.029357804,0.0004083963,0.008567164,0.00012365065,0.03542351,0.12915353,0.0876984,0.0021613664,0.1762458,0.051504187,0.24919969,0.34786004,0.08804531,0.003240849,0.0021347448,0.0,0.0,0.0,0.0,0.0,0.0,0.0,0.0,0.0,1.0,0.0,1.0,0.0,0.0,0.0
1,0,0.0,1.0,0.039601833,0.34715623,0.006521859,0.001145778,0.06655002,0.045708388,0.062500566,0.00019668124,0.083381586,0.0067148963,0.3606585,0.02731734,0.03974972,0.00184707,0.003944646,0.0,0.0,0.0,0.0,0.0,0.0,0.0,0.0,0.0,1.0,0.0,1.0,0.0,0.0,0.0
1,0,0.0,1.0,0.16267684,0.00087335554,0.036632527,0.005686996,0.04384289,0.07742701,0.059962213,0.0073959716,0.201236,0.140204,0.21264817,0.19407082,0.061327294,0.018518802,0.017608589,0.0,0.0,0.0,0.0,0.0,0.0,0.0,0.0,0.0,1.0,0.0,1.0,0.0,0.0,0.0
1,0,0.0,1.0,0.069898754,0.025370302,0.004178038,0.00053385465,0.017921867,0.015101183,0.015331025,0.0012244583,0.17949535,0.008216751,0.5323572,0.03506063,0.02267911,0.0027606254,0.0017744849,0.0,0.0,0.0,0.0,0.0,0.0,0.0,0.0,0.0,1.0,0.0,1.0,0.0,0.0,0.0
1,0,0.0,1.0,0.08252875,0.00051442307,0.04259076,0.0033938321,0.040892676,0.06860719,0.14830661,0.007239965,0.27117372,0.08249731,0.22351159,0.26498705,0.10584086,0.025068197,0.0016146024,0.0,0.0,0.0,0.0,0.0,0.0,0.0,0.0,0.0,1.0,0.0,1.0,0.0,0.0,0.0
1,0,0.0,1.0,0.13389719,0.001820832,0.025340319,0.0016074209,0.072804146,0.079163894,0.076521344,0.020961164,0.15352304,0.10316177,0.24138807,0.17392452,0.11478765,0.011495978,0.0054273065,0.0,0.0,0.0,0.0,0.0,0.0,0.0,0.0,0.0,1.0,0.0,1.0,0.0,0.0,0.0
1,0,0.0,1.0,0.097747475,0.06823863,0.0051394505,0.00026353664,0.10548537,0.2458286,0.12589097,0.007474289,0.06618662,0.051087648,0.23308003,0.14318769,0.11775857,0.0013535699,0.009732593,0.0,0.0,0.0,0.0,0.0,0.0,0.0,0.0,0.0,1.0,0.0,1.0,0.0,1.0,0.0
1,0,0.0,1.0,0.035608612,0.0004355255,0.01076986,0.00015654603,0.011516907,0.018765615,0.03190375,0.0021398612,0.16501862,0.014297428,0.56284565,0.05511419,0.04053193,0.004291049,0.016302012,0.0,0.0,0.0,0.0,0.0,0.0,0.0,0.0,0.0,1.0,0.0,1.0,0.0,0.0,0.0
1,0,0.0,1.0,0.13390987,0.018974744,0.01842863,0.007052036,0.036669474,0.042629626,0.05021692,0.011619625,0.1545763,0.025966842,0.4352763,0.057044387,0.06489797,0.011115591,0.007987935,0.0,0.0,0.0,0.0,0.0,0.0,0.0,0.0,0.0,1.0,0.0,1.0,0.0,0.0,0.0
1,0,0.0,1.0,0.09333403,0.000674871,0.012561712,0.0004584099,0.04577594,0.24832226,0.07339884,0.013764785,0.16548297,0.014005581,0.38302067,0.06483201,0.09631687,0.006257804,0.0011971451,0.0,0.0,0.0,0.0,0.0,0.0,0.0,0.0,0.0,1.0,0.0,1.0,0.0,0.0,0.0
1,0,0.0,1.0,0.114537306,0.00015821053,0.0035879365,2.7518943e-05,0.006750055,0.020175701,0.006938234,0.0057731285,0.19171916,0.022512479,0.5160556,0.028220078,0.017053789,0.002678898,0.0021455553,0.0,0.0,0.0,0.0,0.0,0.0,0.0,0.0,0.0,1.0,0.0,1.0,0.0,0.0,0.0
1,0,0.0,1.0,0.0352561,0.00027095177,0.010253904,0.0001482255,0.01538515,0.04257651,0.048706852,0.00029676492,0.093993984,0.010350197,0.5773258,0.045949694,0.06198515,0.00612044,0.037949592,0.0,0.0,0.0,0.0,0.0,0.0,0.0,0.0,0.0,1.0,0.0,1.0,0.0,0.0,0.0
1,0,0.0,1.0,0.12808515,0.008007932,0.016074447,0.00062875793,0.09508439,0.3233735,0.12638074,0.027678026,0.19178005,0.057909884,0.23548861,0.069840945,0.1216828,0.006612545,0.0030372313,0.0,0.0,0.0,0.0,0.0,0.0,0.0,0.0,0.0,1.0,0.0,1.0,0.0,0.0,0.0
1,0,0.0,1.0,0.0055513647,0.00079977454,0.0038251162,4.411433e-05,0.0036034558,0.005548959,0.009267939,3.3551364e-06,0.04163313,0.005530925,0.7550327,0.11799159,0.012098299,0.0013803112,0.014617895,0.0,0.0,0.0,0.0,0.0,0.0,0.0,0.0,0.0,1.0,0.0,1.0,0.0,0.0,0.0
1,0,0.0,1.0,0.10320329,0.014413266,0.08313794,0.0019568382,0.04225006,0.0033355718,0.026540834,0.00052766927,0.6019792,0.0811291,0.23378177,0.02524284,0.19251403,0.034377377,0.3496516,0.0,0.0,0.0,0.0,0.0,0.0,0.0,0.0,0.0,1.0,0.0,1.0,0.0,0.0,0.0
1,0,0.0,1.0,0.013610897,2.3694729e-05,0.007854622,2.6167225e-05,0.0054735453,0.0006993045,0.002429188,1.2691871e-05,0.2572462,0.034122504,0.2847848,0.25466084,0.005209262,0.0019178907,0.026166905,0.0,0.0,0.0,0.0,0.0,0.0,0.0,0.0,0.0,1.0,0.0,1.0,0.0,0.0,0.0
1,0,0.0,1.0,0.06958525,0.0013688724,0.020276362,0.0014766093,0.0629599,0.05359086,0.04289421,0.010236367,0.18436533,0.12272464,0.22104129,0.4304636,0.07110148,0.008285967,0.0080891,0.0,0.0,0.0,0.0,0.0,0.0,0.0,0.0,0.0,1.0,0.0,1.0,0.0,0.0,0.0
1,0,0.0,1.0,0.06785372,0.0020950362,0.015493544,0.00028267855,0.021959245,0.08432721,0.03097551,0.009241103,0.2002218,0.09529581,0.21998097,0.4446394,0.045688268,0.0058930153,0.022712862,0.0,0.0,0.0,0.0,0.0,0.0,0.0,0.0,0.0,1.0,0.0,1.0,0.0,0.0,0.0
1,0,0.0,1.0,0.01759851,8.003227e-05,0.015819913,0.00023100352,0.0103254095,0.0037521936,0.1144022,0.0017705794,0.18427709,0.042296167,0.42618456,0.08528294,0.05262177,0.0061233616,0.022485828,0.0,0.0,0.0,0.0,0.0,0.0,0.0,0.0,0.0,1.0,0.0,1.0,0.0,0.0,0.0
1,0,0.0,1.0,0.10053619,0.0139204655,0.081344165,0.0018627775,0.041001804,0.0031158898,0.023970546,0.00045912992,0.60429543,0.07820008,0.23348069,0.024511645,0.18359609,0.03334512,0.3417691,0.0,0.0,0.0,0.0,0.0,0.0,0.0,0.0,0.0,1.0,0.0,1.0,0.0,0.0,0.0
1,0,0.0,1.0,0.043488264,0.0006766616,0.02592096,0.0014962045,0.026305549,0.03152204,0.15125868,0.007932814,0.121915594,0.06805479,0.36421338,0.13806143,0.07360321,0.013793665,0.03914206,0.0,0.0,0.0,0.0,0.0,0.0,0.0,0.0,0.0,1.0,0.0,1.0,0.0,0.0,0.0
1,0,0.0,1.0,0.07367846,0.01799592,0.008854399,0.00093715877,0.052708212,0.24539675,0.10396686,0.24432148,0.1688215,0.065460674,0.29441616,0.26428726,0.07880376,0.0032402712,0.0029315155,0.0,0.0,0.0,0.0,0.0,0.0,0.0,0.0,0.0,1.0,0.0,1.0,0.0,0.0,0.0
1,0,0.0,1.0,0.11615695,0.0003687209,0.020830033,0.000693652,0.025172591,0.12247519,0.08445479,0.004838792,0.13415354,0.015359052,0.44895244,0.09516125,0.13894247,0.00927769,0.004248543,0.0,0.0,0.0,0.0,0.0,0.0,0.0,0.0,0.0,1.0,0.0,1.0,0.0,0.0,0.0
1,0,0.0,1.0,0.11679001,0.00016893038,0.016533783,0.0007451138,0.03314871,0.13718793,0.09802941,0.006790501,0.25213584,0.025707453,0.32145512,0.109216176,0.10996448,0.010831054,0.0033357544,0.0,0.0,0.0,0.0,0.0,0.0,0.0,0.0,0.0,1.0,0.0,1.0,0.0,0.0,0.0
1,0,0.0,1.0,0.04646404,0.0035526105,0.018360725,0.0011749202,0.04962793,0.22146288,0.07109453,0.014931577,0.14228155,0.19820648,0.21677496,0.11839841,0.050633,0.006220753,0.117760025,0.0,0.0,0.0,0.0,0.0,0.0,0.0,0.0,0.0,1.0,0.0,1.0,0.0,0.0,0.0
1,0,0.0,1.0,0.13449012,0.0005300304,0.02520623,0.001741971,0.016991513,0.1357765,0.03283215,0.0010424273,0.25312766,0.013461315,0.51643455,0.035437517,0.04546245,0.01164036,0.013967743,0.0,0.0,0.0,0.0,0.0,0.0,0.0,0.0,0.0,1.0,0.0,1.0,0.0,0.0,0.0
1,0,0.0,1.0,0.11870593,0.01928406,0.022886375,0.0018760774,0.052743137,0.08667531,0.06268084,0.0046262103,0.19261025,0.044735484,0.285667,0.18857045,0.08974253,0.008455576,0.0048329886,0.0,0.0,0.0,0.0,0.0,0.0,0.0,0.0,0.0,1.0,0.0,1.0,0.0,0.0,0.0
1,0,0.0,1.0,0.1384783,0.13608444,0.010698476,0.0051460643,0.05706456,0.0669165,0.047063366,0.001014499,0.17957847,0.03760051,0.37223014,0.065607846,0.050362423,0.0075428346,0.0028003836,0.0,0.0,0.0,0.0,0.0,0.0,0.0,0.0,0.0,1.0,0.0,1.0,0.0,0.0,0.0
1,0,0.0,1.0,0.114269875,0.00081958604,0.012172854,0.00070123986,0.056369927,0.054230288,0.028078182,0.0007637227,0.13265762,0.008449693,0.47184768,0.04783368,0.036829863,0.0108947,0.009535934,0.0,0.0,0.0,0.0,0.0,0.0,0.0,0.0,0.0,1.0,0.0,1.0,0.0,0.0,0.0
1,0,0.0,1.0,0.281819,0.010659524,0.025827456,0.0035308613,0.085008286,0.047489673,0.053361125,0.025396928,0.15957962,0.017485367,0.34779483,0.040054757,0.032730173,0.027901424,0.0034581937,0.0,0.0,0.0,0.0,0.0,0.0,0.0,0.0,0.0,1.0,0.0,1.0,0.0,0.0,0.0
1,0,0.0,1.0,0.103758425,0.014600811,0.08239336,0.0019146047,0.042833026,0.0033452397,0.02700241,0.0005463491,0.6022272,0.08325672,0.23307309,0.024617456,0.19835228,0.034477238,0.35803774,0.0,0.0,0.0,0.0,0.0,0.0,0.0,0.0,0.0,1.0,0.0,1.0,0.0,0.0,0.0
1,0,0.0,1.0,0.041594665,0.037004042,0.015898168,0.0024856392,0.043780893,0.051305216,0.08379495,0.0069936183,0.10313715,0.058449224,0.3887753,0.21363108,0.11113278,0.005423717,0.015657952,0.0,0.0,0.0,0.0,0.0,0.0,0.0,0.0,0.0,1.0,0.0,1.0,0.0,0.0,0.0
1,0,0.0,1.0,0.041453436,0.0014757967,0.021113167,0.002257815,0.0072178985,0.011481449,0.011366687,2.5212337e-05,0.07454913,0.008212077,0.7247645,0.027136186,0.013332026,0.005896475,0.02745819,0.0,0.0,0.0,0.0,0.0,0.0,0.0,0.0,0.0,1.0,0.0,1.0,0.0,0.0,0.0
1,0,0.0,1.0,0.27586168,0.0145690255,0.035123106,0.0020592327,0.1796808,0.038881306,0.032179605,0.027583046,0.152483,0.32373977,0.118112,0.14861235,0.037043545,0.008789044,0.019451855,0.0,0.0,0.0,0.0,0.0,0.0,0.0,0.0,0.0,1.0,0.0,1.0,0.0,0.0,0.0
1,0,0.0,1.0,0.060774203,0.00023795111,0.010871857,0.0016788209,0.13129829,0.24395457,0.16960463,0.0024505812,0.17012736,0.015451731,0.27726448,0.0313688,0.1649159,0.0055456418,0.008662544,0.0,0.0,0.0,0.0,0.0,0.0,0.0,0.0,0.0,1.0,0.0,1.0,0.0,0.0,0.0
1,0,0.0,1.0,0.109014645,0.18116742,0.0053301547,0.0014723255,0.10934656,0.07771239,0.07454293,0.2133448,0.11660756,0.055615656,0.3163011,0.13282171,0.054733023,0.005407949,0.005972846,0.0,0.0,0.0,0.0,0.0,0.0,0.0,0.0,0.0,1.0,0.0,1.0,0.0,0.0,0.0
1,0,0.0,1.0,0.11166886,0.549235,0.005967817,0.003684053,0.7990804,0.026772123,0.029425057,0.0018123343,0.1162944,0.016062679,0.06527513,0.014229794,0.062908165,0.002362463,0.00384523,0.0,0.0,0.0,0.0,0.0,0.0,0.0,0.0,0.0,1.0,0.0,1.0,0.0,0.0,0.0
1,0,0.0,1.0,0.12549064,0.0016364543,0.009311895,0.00066785084,0.006904502,0.0049907723,0.005922046,0.0001245987,0.1926002,0.009037742,0.62717414,0.028616607,0.009982024,0.005137527,0.011352061,0.0,0.0,0.0,0.0,0.0,0.0,0.0,0.0,0.0,1.0,0.0,1.0,0.0,0.0,0.0
1,0,0.0,1.0,0.015720716,9.7615375e-05,0.008334191,0.00018232019,0.0051238774,0.016101945,0.051456038,0.00014256094,0.052818958,0.013102976,0.6965341,0.030465677,0.03316262,0.00233069,0.047322374,0.0,0.0,0.0,0.0,0.0,0.0,0.0,0.0,0.0,1.0,0.0,1.0,0.0,0.0,0.0
1,0,0.0,1.0,0.091147535,0.00053597183,0.024484143,0.00064710184,0.06573989,0.2389538,0.18097733,0.019281518,0.14996798,0.08414172,0.2160565,0.21216658,0.17014144,0.010979613,0.0061154244,0.0,0.0,0.0,0.0,0.0,0.0,0.0,0.0,0.0,1.0,0.0,1.0,0.0,0.0,0.0
1,0,0.0,1.0,0.051460028,0.002893546,0.0077509186,0.00031537705,0.086028896,0.40787488,0.13581836,0.025090355,0.084999986,0.049406923,0.3432219,0.07405548,0.18313043,0.0041248165,0.0025106776,0.0,0.0,0.0,0.0,0.0,0.0,0.0,0.0,0.0,1.0,0.0,1.0,0.0,0.0,0.0
1,0,0.0,1.0,0.0612418,0.001115043,0.0064047733,0.00013939051,0.022087744,0.2353619,0.07910607,0.012844871,0.13197191,0.019842383,0.4396688,0.08272263,0.0781751,0.004251869,0.0023136553,0.0,0.0,0.0,0.0,0.0,0.0,0.0,0.0,0.0,1.0,0.0,1.0,0.0,0.0,0.0
1,0,0.0,1.0,0.09635365,0.00858944,0.010043571,0.0017440445,0.047023356,0.09692457,0.03497218,0.008703375,0.26105604,0.013093367,0.4405467,0.04658448,0.023931235,0.0068169944,0.0010551236,0.0,0.0,0.0,0.0,0.0,0.0,0.0,0.0,0.0,1.0,0.0,1.0,0.0,0.0,0.0
1,0,0.0,1.0,0.07231,0.00018245235,0.0073258565,0.00043136004,0.03293403,0.17455974,0.08828102,0.013681386,0.21291718,0.024611495,0.39781028,0.11515217,0.061086107,0.005809394,0.005282296,0.0,0.0,0.0,0.0,0.0,0.0,0.0,0.0,0.0,1.0,0.0,1.0,0.0,0.0,0.0
1,0,0.0,1.0,0.15314499,0.011334479,0.019371219,0.0006435142,0.047776133,0.17973469,0.063036986,0.051649544,0.21294105,0.07634052,0.3061769,0.09076571,0.070834294,0.015959602,0.009074604,0.0,0.0,0.0,0.0,0.0,0.0,0.0,0.0,0.0,1.0,0.0,1.0,0.0,0.0,0.0
1,0,0.0,1.0,0.18460071,0.2718324,0.012060567,0.00080304104,0.21777229,0.025145175,0.07224549,0.0013026338,0.17546295,0.010042261,0.13852234,0.04829013,0.026088562,0.0049244007,0.008689559,0.0,0.0,0.0,0.0,0.0,0.0,0.0,0.0,0.0,1.0,0.0,1.0,0.0,0.0,0.0
1,0,0.0,1.0,0.08119692,0.0015299394,0.017397279,0.0013943234,0.039783098,0.06971944,0.11236735,0.002296739,0.12520653,0.04296439,0.41162884,0.14390145,0.114369035,0.010808303,0.004582513,0.0,0.0,0.0,0.0,0.0,0.0,0.0,0.0,0.0,1.0,0.0,1.0,0.0,0.0,0.0
1,0,0.0,1.0,0.06353229,0.00042937257,0.009203664,0.00092038594,0.15577604,0.10541721,0.09647809,0.0007519109,0.094897665,0.018265698,0.35452917,0.070750214,0.10788713,0.005781433,0.010495997,0.0,0.0,0.0,0.0,0.0,0.0,0.0,0.0,0.0,1.0,0.0,1.0,0.0,0.0,0.0
1,0,0.0,1.0,0.08837517,0.0020401885,0.0125626,0.0006914512,0.13871047,0.3231679,0.11408145,0.03891762,0.12577993,0.07333313,0.25266257,0.076719396,0.13881922,0.0077826353,0.0052552256,0.0,0.0,0.0,0.0,0.0,0.0,0.0,0.0,0.0,1.0,0.0,1.0,0.0,0.0,0.0
1,0,0.0,1.0,0.11202048,0.0008954582,0.019796954,0.00075749826,0.048090685,0.27274966,0.06758475,0.008651572,0.1532582,0.022314427,0.46001494,0.03887673,0.08100592,0.013715165,0.020261755,0.0,0.0,0.0,0.0,0.0,0.0,0.0,0.0,0.0,1.0,0.0,1.0,0.0,0.0,0.0
1,0,0.0,1.0,0.047208205,0.009277173,0.021329992,0.0022288659,0.33617303,0.23535459,0.21339004,0.010275316,0.17473857,0.13636275,0.14589073,0.11820911,0.36806035,0.006614603,0.010058473,0.0,0.0,0.0,0.0,0.0,0.0,0.0,0.0,0.0,1.0,0.0,1.0,0.0,0.0,0.0
1,0,0.0,1.0,0.042617764,0.00011918861,0.009702482,0.00022976178,0.010494547,0.02399608,0.026556065,4.8682632e-05,0.045752097,0.009956436,0.7247178,0.033698708,0.033549987,0.0036123851,0.014226585,0.0,0.0,0.0,0.0,0.0,0.0,0.0,0.0,0.0,1.0,0.0,1.0,0.0,0.0,0.0
1,0,0.0,1.0,0.076975845,0.005694829,0.011262659,0.00054546015,0.040513773,0.026679909,0.039980154,0.0022181189,0.13909653,0.014292813,0.4863472,0.028421935,0.05730487,0.0059458697,0.013951295,0.0,0.0,0.0,0.0,0.0,0.0,0.0,0.0,0.0,1.0,0.0,1.0,0.0,0.0,0.0
1,0,0.0,1.0,0.1066926,0.014667195,0.07894759,0.0017283839,0.041912362,0.0035044225,0.03186523,0.000614643,0.5977861,0.08564924,0.23497786,0.023450714,0.20973589,0.03277228,0.36678496,0.0,0.0,0.0,0.0,0.0,0.0,0.0,0.0,0.0,1.0,0.0,1.0,0.0,0.0,0.0
1,0,0.0,1.0,0.1493215,0.009956601,0.012402654,0.0005365998,0.18792315,0.2132535,0.04780356,0.030421901,0.1766601,0.024652,0.25090942,0.047512494,0.057743054,0.009353893,0.0026892088,0.0,0.0,0.0,0.0,0.0,0.0,0.0,0.0,0.0,1.0,0.0,1.0,0.0,0.0,0.0
1,0,0.0,1.0,0.17887221,0.021087987,0.028336715,0.007012652,0.13530499,0.0063103093,0.09187022,0.098850004,0.14884925,0.21115264,0.23469567,0.07581557,0.07725576,0.016839448,0.018540276,0.0,0.0,0.0,0.0,0.0,0.0,0.0,0.0,0.0,1.0,0.0,1.0,0.0,0.0,0.0
1,0,0.0,1.0,0.101629235,0.0010249483,0.025093928,0.00019735337,0.03724284,0.51065546,0.18004283,0.036127422,0.21864168,0.0330459,0.2628783,0.065268464,0.14408126,0.0050552017,0.020344311,0.0,0.0,0.0,0.0,0.0,0.0,0.0,0.0,0.0,1.0,0.0,1.0,0.0,0.0,0.0
1,0,0.0,1.0,0.15502353,0.032982487,0.027984424,0.0018745885,0.09307337,0.067930005,0.05284839,0.21648374,0.19611743,0.20386094,0.20246705,0.13012393,0.08056385,0.009983024,0.008889738,0.0,0.0,0.0,0.0,0.0,0.0,0.0,0.0,0.0,1.0,0.0,1.0,0.0,0.0,0.0
1,0,0.0,1.0,0.033611245,0.0049070055,0.008685551,0.0005354834,0.050319817,0.10046819,0.086407095,0.0018946221,0.14632615,0.012821141,0.4405819,0.084395915,0.061406203,0.004854551,0.016140904,0.0,0.0,0.0,0.0,0.0,0.0,0.0,0.0,0.0,1.0,0.0,1.0,0.0,0.0,0.0
1,0,0.0,1.0,0.10286049,0.000532239,0.013257248,0.0014258743,0.012042297,0.04373556,0.0149593055,0.0014367684,0.11469037,0.010861811,0.6037344,0.050577685,0.028060602,0.005244727,0.0020012134,0.0,0.0,0.0,0.0,0.0,0.0,0.0,0.0,0.0,1.0,0.0,1.0,0.0,0.0,0.0
1,0,0.0,1.0,0.09337567,0.008022703,0.009602558,0.0011836134,0.42123458,0.050559733,0.055574972,0.0039627166,0.10560062,0.07550813,0.20494384,0.1398646,0.080677055,0.006969899,0.010828062,0.0,0.0,0.0,0.0,0.0,0.0,0.0,0.0,0.0,1.0,0.0,1.0,0.0,1.0,0.0
1,0,0.0,1.0,0.010439519,0.00016880495,0.009638394,0.00012933093,0.010085872,0.017793203,0.062316976,0.0002912984,0.06768459,0.026522486,0.6479691,0.08486482,0.036898196,0.0032805887,0.01356435,0.0,0.0,0.0,0.0,0.0,0.0,0.0,0.0,0.0,1.0,0.0,1.0,0.0,0.0,0.0
1,0,0.0,1.0,0.052877765,0.0006608016,0.007603768,0.00026479468,0.122248486,0.43953767,0.121181615,0.0042246636,0.10497648,0.022309337,0.3533262,0.058745347,0.068861395,0.004014091,0.0059754113,0.0,0.0,0.0,0.0,0.0,0.0,0.0,0.0,0.0,1.0,0.0,1.0,0.0,0.0,0.0
1,0,0.0,1.0,0.045637306,0.0005320163,0.014734323,0.00036060793,0.014802401,0.017417448,0.03894889,0.008434538,0.13852836,0.05572697,0.4264185,0.23719409,0.029203946,0.0053505646,0.0034903435,0.0,0.0,0.0,0.0,0.0,0.0,0.0,0.0,0.0,1.0,0.0,1.0,0.0,0.0,0.0
1,0,0.0,1.0,0.04627262,0.00016797996,0.0323981,0.0006150972,0.0448838,0.043489613,0.17757009,0.02151083,0.15477185,0.24644253,0.24075137,0.12302979,0.14238746,0.01153334,0.016102014,0.0,0.0,0.0,0.0,0.0,0.0,0.0,0.0,0.0,1.0,0.0,1.0,0.0,0.0,0.0
1,0,0.0,1.0,0.045766402,6.689733e-05,0.023865912,0.0010735814,0.02494122,0.08068864,0.118970916,0.0042953542,0.14894752,0.035847776,0.30780947,0.20341925,0.1660786,0.012637421,0.0033508567,0.0,0.0,0.0,0.0,0.0,0.0,0.0,0.0,0.0,1.0,0.0,1.0,0.0,0.0,0.0
1,0,0.0,1.0,0.08577858,0.0014062088,0.008972743,0.0003942301,0.029388746,0.1399942,0.06118306,0.02230419,0.12142393,0.12247396,0.34352735,0.1418269,0.068601094,0.0065511493,0.00610638,0.0,0.0,0.0,0.0,0.0,0.0,0.0,0.0,0.0,1.0,0.0,1.0,0.0,0.0,0.0
1,0,0.0,1.0,0.11889602,0.033548754,0.013385957,0.001314841,0.05705954,0.07700524,0.114636585,0.17325784,0.18418752,0.042942595,0.3771256,0.07372915,0.09281463,0.011604859,0.009233405,0.0,0.0,0.0,0.0,0.0,0.0,0.0,0.0,0.0,1.0,0.0,1.0,0.0,0.0,0.0
1,0,0.0,1.0,0.116118856,0.2473161,0.009219849,0.0011235601,0.28273273,0.012792537,0.027225506,0.00019411946,0.15155196,0.00813359,0.25941762,0.028362328,0.033213306,0.0073502394,0.009595032,0.0,0.0,0.0,0.0,0.0,0.0,0.0,0.0,0.0,1.0,0.0,1.0,0.0,0.0,0.0
1,0,0.0,1.0,0.09160059,0.0019474817,0.014324631,0.00029651125,0.012346876,0.17909265,0.13123733,0.024443958,0.09665204,0.022866016,0.45717603,0.049540997,0.058686443,0.0046081655,0.008072023,0.0,0.0,0.0,0.0,0.0,0.0,0.0,0.0,0.0,1.0,0.0,1.0,0.0,0.0,0.0
1,0,0.0,1.0,0.084983215,0.00030958522,0.034722585,0.003504211,0.051942147,0.011893237,0.1723201,0.010298036,0.20609559,0.043865934,0.38030457,0.104993984,0.15864083,0.017731532,0.0064102714,0.0,0.0,0.0,0.0,0.0,0.0,0.0,0.0,0.0,1.0,0.0,1.0,0.0,0.0,0.0
1,0,0.0,1.0,0.047682393,0.0005054672,0.019447133,0.00041501044,0.017901829,0.06475136,0.08011367,0.0043904767,0.30331478,0.023505699,0.41411045,0.062730834,0.071780674,0.006628297,0.003457254,0.0,0.0,0.0,0.0,0.0,0.0,0.0,0.0,0.0,1.0,0.0,1.0,0.0,0.0,0.0
1,0,0.0,1.0,0.04662107,0.000508936,0.021186028,0.0023382618,0.015609629,0.0076739094,0.04261398,0.0005585004,0.21689738,0.017241817,0.48613322,0.06877005,0.03568317,0.012125287,0.008114026,0.0,0.0,0.0,0.0,0.0,0.0,0.0,0.0,0.0,1.0,0.0,1.0,0.0,0.0,0.0
1,0,0.0,1.0,0.17930312,0.057872362,0.034586854,0.0028598227,0.59787965,0.009954411,0.018156083,0.02046956,0.14939605,0.12594704,0.103562765,0.041775376,0.04879839,0.006164915,0.020693416,0.0,0.0,0.0,0.0,0.0,0.0,0.0,0.0,0.0,1.0,0.0,1.0,0.0,0.0,0.0
1,0,0.0,1.0,0.063979454,0.0014771437,0.019622404,0.002538689,0.0144481165,0.02629592,0.033443823,0.00031680395,0.08856186,0.014184363,0.55692357,0.051411565,0.045230992,0.010358244,0.01141743,0.0,0.0,0.0,0.0,0.0,0.0,0.0,0.0,0.0,1.0,0.0,1.0,0.0,0.0,0.0
1,0,0.0,1.0,0.061121605,0.0004358397,0.012058437,0.00054159074,0.013762603,0.055968877,0.04439468,0.0008032171,0.09110088,0.01540392,0.5723288,0.06254248,0.0793274,0.005030509,0.004518784,0.0,0.0,0.0,0.0,0.0,0.0,0.0,0.0,0.0,1.0,0.0,1.0,0.0,0.0,0.0
1,0,0.0,1.0,0.01755997,5.93643e-05,0.01278193,0.00011132256,0.011876131,0.041851357,0.11182919,0.003094066,0.19402386,0.037473224,0.3680632,0.11729337,0.09126223,0.004441754,0.036725067,0.0,0.0,0.0,0.0,0.0,0.0,0.0,0.0,0.0,1.0,0.0,1.0,0.0,0.0,0.0
1,0,0.0,1.0,0.19399309,0.0011526891,0.0137750935,0.0012453356,0.09984816,0.060628783,0.03475332,0.0018352458,0.11631761,0.02305796,0.42260593,0.052499913,0.044915695,0.014238539,0.005045589,0.0,0.0,0.0,0.0,0.0,0.0,0.0,0.0,0.0,1.0,0.0,1.0,0.0,0.0,0.0
1,0,0.0,1.0,0.077100374,0.00030268266,0.02422033,0.0012128558,0.042093825,0.15013354,0.17847615,0.014791536,0.19254138,0.036024798,0.34463707,0.08308225,0.18388504,0.011767363,0.005917377,0.0,0.0,0.0,0.0,0.0,0.0,0.0,0.0,0.0,1.0,0.0,1.0,0.0,0.0,0.0
1,0,0.0,1.0,0.037322786,0.0003660737,0.038753476,0.0010787187,0.01447967,0.13665149,0.06453515,0.0048661935,0.26950663,0.123485774,0.2188561,0.11376837,0.080490716,0.016775113,0.0046113185,0.0,0.0,0.0,0.0,0.0,0.0,0.0,0.0,0.0,1.0,0.0,1.0,0.0,0.0,0.0
1,0,0.0,1.0,0.041311994,0.002113146,0.010469556,0.00053367607,0.029123368,0.4468463,0.08984317,0.006926079,0.20203197,0.014256601,0.41518813,0.07330887,0.09318786,0.0060627894,0.005911231,0.0,0.0,0.0,0.0,0.0,0.0,0.0,0.0,0.0,1.0,0.0,1.0,0.0,0.0,0.0
1,0,0.0,1.0,0.061326094,0.0020093103,0.018959342,0.0012244513,0.061926812,0.11784332,0.16602388,0.015832368,0.12576294,0.07322036,0.3799528,0.15379979,0.1429769,0.014695775,0.01172467,0.0,0.0,0.0,0.0,0.0,0.0,0.0,0.0,0.0,1.0,0.0,1.0,0.0,0.0,0.0
1,0,0.0,1.0,0.056427706,0.00010522186,0.021505859,0.00048310918,0.0064388835,0.03593975,0.05055143,0.013247227,0.10388189,0.46128866,0.31616193,0.064677,0.049886096,0.0043314835,0.007716474,0.0,0.0,0.0,0.0,0.0,0.0,0.0,0.0,0.0,1.0,0.0,1.0,0.0,0.0,0.0
1,0,0.0,1.0,0.10500489,0.00032841202,0.009859804,0.00019518277,0.015717734,0.028901806,0.024195043,0.0039419266,0.31747654,0.006653002,0.4225861,0.041082416,0.028560972,0.006085581,0.002977721,0.0,0.0,0.0,0.0,0.0,0.0,0.0,0.0,0.0,1.0,0.0,1.0,0.0,0.0,0.0
1,0,0.0,1.0,0.13580544,0.0015657778,0.021443233,0.00092955143,0.06989367,0.17078419,0.13980241,0.034154434,0.15263706,0.12435535,0.19777957,0.15606806,0.12303926,0.008984915,0.023956288,0.0,0.0,0.0,0.0,0.0,0.0,0.0,0.0,0.0,1.0,0.0,1.0,0.0,1.0,0.0
1,0,0.0,1.0,0.0634086,0.011645292,0.011066225,0.0007739368,0.059986938,0.0259632,0.06877114,0.0012672589,0.13422959,0.031866122,0.4685005,0.054417223,0.066302,0.00999486,0.006578251,0.0,0.0,0.0,0.0,0.0,0.0,0.0,0.0,0.0,1.0,0.0,1.0,0.0,0.0,0.0
1,0,0.0,1.0,0.121859424,0.00091303297,0.029929234,0.0010162609,0.087228194,0.023117611,0.08207835,0.0066603576,0.088991165,0.109005705,0.23465955,0.17802745,0.11657887,0.01799552,0.057059083,0.0,0.0,0.0,0.0,0.0,0.0,0.0,0.0,0.0,1.0,0.0,1.0,0.0,0.0,0.0
1,0,0.0,1.0,0.08346467,0.031830385,0.018848494,0.009916563,0.41752598,0.0147730205,0.08515739,0.0022563504,0.15636836,0.0851084,0.23387933,0.07420334,0.12759191,0.019022757,0.056165513,0.0,0.0,0.0,0.0,0.0,0.0,0.0,0.0,0.0,1.0,0.0,1.0,0.0,0.0,0.0
1,0,0.0,1.0,0.06725202,0.00085140974,0.039419077,0.020220267,0.048078544,0.0086143995,0.023984233,0.00016479746,0.415499,0.19469501,0.18819143,0.08694849,0.02162892,0.028722532,0.0056688734,0.0,0.0,0.0,0.0,0.0,0.0,0.0,0.0,0.0,1.0,0.0,1.0,0.0,0.0,0.0
1,0,0.0,1.0,0.057239313,0.0010220936,0.006938339,0.0008019946,0.12935099,0.08308762,0.07063877,0.00070077094,0.12488095,0.00906712,0.42193767,0.030521397,0.119070604,0.003981684,0.0021476194,0.0,0.0,0.0,0.0,0.0,0.0,0.0,0.0,0.0,1.0,0.0,1.0,0.0,0.0,0.0
1,0,0.0,1.0,0.06866166,0.18607822,0.0077605327,0.0010077894,0.10112427,0.19075592,0.095452406,0.010749072,0.09342907,0.024081614,0.30460435,0.06532413,0.086270966,0.003262158,0.0017403789,0.0,0.0,0.0,0.0,0.0,0.0,0.0,0.0,0.0,1.0,0.0,1.0,0.0,0.0,0.0
1,0,1.0,0.0,0.009406927,3.7520982e-05,0.0074867047,6.8894275e-05,0.004471234,0.05392203,0.058686547,0.0003307633,0.18196596,0.032479405,0.51626134,0.03982787,0.09544133,0.0021969124,0.0115078995,0.0,0.0,0.0,0.0,0.0,0.0,0.0,0.0,0.0,0.0,1.0,0.0,0.0,0.0,0.0
1,0,1.0,0.0,0.11718996,0.0034299593,0.015936015,0.0025323082,0.022893803,0.012045888,0.025361275,0.001798167,0.21534072,0.025965093,0.4521836,0.06836631,0.034629934,0.009383415,0.0022642026,0.0,0.0,0.0,0.0,0.0,0.0,0.0,0.0,0.0,0.0,1.0,0.0,0.0,0.0,0.0
1,0,1.0,0.0,0.10010703,0.01864466,0.02296701,0.0057299887,0.12206183,0.35960644,0.109991714,0.14827925,0.15921867,0.04954195,0.31493598,0.046340946,0.16938369,0.01770791,0.018037336,0.0,0.0,0.0,0.0,0.0,0.0,0.0,0.0,0.0,0.0,1.0,0.0,0.0,0.0,0.0
1,0,1.0,0.0,0.06334284,0.24134149,0.006473124,0.00068623386,0.08399098,0.11685053,0.06070187,0.009552098,0.07035253,0.023412311,0.3797292,0.062215157,0.06019536,0.0035807076,0.008108033,0.0,0.0,0.0,0.0,0.0,0.0,0.0,0.0,0.0,0.0,1.0,0.0,0.0,0.0,0.0
1,0,1.0,0.0,0.0076194354,5.900912e-05,0.002427795,2.2850605e-05,0.0026880798,0.0015836519,0.002333438,5.893006e-07,0.24454005,0.005107399,0.74525553,0.008778674,0.0107986275,0.00090559316,0.001421627,0.0,0.0,0.0,0.0,0.0,0.0,0.0,0.0,0.0,0.0,1.0,0.0,0.0,0.0,0.0
1,0,1.0,0.0,0.100073725,0.00084834377,0.020822829,0.003111152,0.0543024,0.14974405,0.054012384,0.0013855696,0.19166216,0.034484874,0.35271743,0.10755839,0.08082581,0.017638182,0.0063070003,0.0,0.0,0.0,0.0,0.0,0.0,0.0,0.0,0.0,0.0,1.0,0.0,0.0,0.0,0.0
1,0,1.0,0.0,0.43631563,0.054057293,0.023241363,0.003347492,0.10887559,0.03650958,0.03586682,0.06408618,0.1939195,0.039679848,0.22197948,0.023034796,0.0699276,0.01376929,0.0007717818,0.0,0.0,0.0,0.0,0.0,0.0,0.0,0.0,0.0,0.0,1.0,0.0,0.0,0.0,0.0
1,0,1.0,0.0,0.12743586,0.21926728,0.006051052,0.0012027216,0.10860621,0.07772907,0.064878054,0.010037523,0.15710084,0.01215433,0.2771808,0.035434958,0.04008414,0.006001283,0.0025943432,0.0,0.0,0.0,0.0,0.0,0.0,0.0,0.0,0.0,0.0,1.0,0.0,0.0,0.0,0.0
1,0,1.0,0.0,0.12122546,0.004992947,0.03671413,0.0012723076,0.09071824,0.12264952,0.124209486,0.20805751,0.24078201,0.13044643,0.24257404,0.17704284,0.11834173,0.017470136,0.01161179,0.0,0.0,0.0,0.0,0.0,0.0,0.0,0.0,0.0,0.0,1.0,0.0,0.0,0.0,0.0
1,0,1.0,0.0,0.14109078,0.0002396944,0.015359448,0.0013789062,0.16137159,0.2612255,0.106792115,0.006872921,0.18121836,0.030491317,0.20878448,0.03690917,0.23529562,0.010993474,0.006875349,0.0,0.0,0.0,0.0,0.0,0.0,0.0,0.0,0.0,0.0,1.0,0.0,0.0,0.0,0.0
1,0,1.0,0.0,0.06955487,0.021126803,0.004073551,0.00019812732,0.008559443,0.08064595,0.04202303,0.004287742,0.15002993,0.0058568227,0.43656787,0.028945373,0.057652224,0.0016020576,0.001689926,0.0,0.0,0.0,0.0,0.0,0.0,0.0,0.0,0.0,0.0,1.0,0.0,0.0,0.0,0.0
1,0,1.0,0.0,0.046433266,0.0009623676,0.0090214005,0.00020198186,0.01112621,0.013974319,0.019781614,0.0002850667,0.18330456,0.021666363,0.5603573,0.088576525,0.016225431,0.0058430266,0.0057734707,0.0,0.0,0.0,0.0,0.0,0.0,0.0,0.0,0.0,0.0,1.0,0.0,0.0,0.0,0.0
1,0,1.0,0.0,0.1064441,0.0070026116,0.013173809,0.0011536162,0.26424465,0.024394946,0.07424201,0.0010311838,0.14896914,0.026752727,0.2876504,0.05454562,0.107247174,0.009308413,0.010104776,0.0,0.0,0.0,0.0,0.0,0.0,0.0,0.0,0.0,0.0,1.0,0.0,0.0,0.0,0.0
1,0,1.0,0.0,0.1064441,0.0070026116,0.013173809,0.0011536162,0.26424465,0.024394946,0.07424201,0.0010311838,0.14896914,0.026752727,0.2876504,0.05454562,0.107247174,0.009308413,0.010104776,0.0,0.0,0.0,0.0,0.0,0.0,0.0,0.0,0.0,0.0,1.0,0.0,0.0,0.0,0.0
1,0,1.0,0.0,0.13024692,0.0026129445,0.012808709,0.00029949326,0.017287606,0.021091396,0.029752763,0.32964265,0.11616935,0.51983535,0.18569224,0.1653906,0.04788173,0.004423176,0.0023956958,0.0,0.0,0.0,0.0,0.0,0.0,0.0,0.0,0.0,0.0,1.0,0.0,0.0,0.0,0.0
1,0,1.0,0.0,0.034283098,0.0013711844,0.0057014,0.00025261485,0.017150294,0.024978044,0.019195657,0.00048168967,0.26254243,0.020208636,0.51870126,0.04273985,0.027061585,0.0036073856,0.0024257423,0.0,0.0,0.0,0.0,0.0,0.0,0.0,0.0,0.0,0.0,1.0,0.0,0.0,0.0,0.0
1,0,1.0,0.0,0.05113626,0.007332549,0.0072142705,0.00014063761,0.11029151,0.48718914,0.09016995,0.00852433,0.16964535,0.012322541,0.24404901,0.04873239,0.14506993,0.002853413,0.013812398,0.0,0.0,0.0,0.0,0.0,0.0,0.0,0.0,0.0,0.0,1.0,0.0,0.0,0.0,0.0
1,0,1.0,0.0,0.18175846,0.0003618711,0.015339016,0.0005878208,0.018752934,0.015260325,0.04086925,0.0045229797,0.18770857,0.011496514,0.4638393,0.021699307,0.042996623,0.01102507,0.014948637,0.0,0.0,0.0,0.0,0.0,0.0,0.0,0.0,0.0,0.0,1.0,0.0,0.0,0.0,0.0
1,0,1.0,0.0,0.02533519,0.024249833,0.009748723,0.0015574894,0.034507547,0.010985523,0.05337516,0.00037200237,0.20335981,0.018564275,0.50932896,0.06698403,0.025212517,0.007913571,0.011373096,0.0,0.0,0.0,0.0,0.0,0.0,0.0,0.0,0.0,0.0,1.0,0.0,0.0,0.0,0.0
1,0,1.0,0.0,0.024717195,3.5968125e-05,0.010805051,8.646328e-05,0.00719668,0.031469326,0.025980052,0.00021308473,0.24971625,0.009753747,0.5544207,0.035066236,0.024147406,0.0037737782,0.013487314,0.0,0.0,0.0,0.0,0.0,0.0,0.0,0.0,0.0,0.0,1.0,0.0,0.0,0.0,0.0
1,0,1.0,0.0,0.17382114,0.00088913366,0.022729354,0.0011630224,0.19251882,0.10258943,0.10202463,0.04034037,0.18363975,0.053719163,0.22041729,0.06299186,0.14701967,0.01443949,0.012247094,0.0,0.0,0.0,0.0,0.0,0.0,0.0,0.0,0.0,0.0,1.0,0.0,0.0,0.0,0.0
1,0,1.0,0.0,0.077067316,0.0042451336,0.005298122,0.0003773788,0.107241094,0.30517876,0.11905568,0.00616514,0.14724943,0.025768226,0.29059294,0.08869,0.11654065,0.0046613645,0.002314166,0.0,0.0,0.0,0.0,0.0,0.0,0.0,0.0,0.0,0.0,1.0,0.0,0.0,0.0,0.0
1,0,1.0,0.0,0.029450564,0.01362259,0.0065337154,0.00057212,0.024759518,0.038249236,0.019355863,0.00031407486,0.2880685,0.014604495,0.5439927,0.05892407,0.021438938,0.0045212107,0.005996455,0.0,0.0,0.0,0.0,0.0,0.0,0.0,0.0,0.0,0.0,1.0,0.0,0.0,0.0,0.0
1,0,1.0,0.0,0.15187706,0.019275693,0.016269606,0.0025684873,0.124565214,0.017054869,0.035755433,0.17929636,0.18492861,0.26061687,0.25413084,0.061930563,0.05017091,0.011438713,0.002629232,0.0,0.0,0.0,0.0,0.0,0.0,0.0,0.0,0.0,0.0,1.0,0.0,0.0,0.0,0.0
1,0,1.0,0.0,0.095476866,0.00028729226,0.008554464,0.00016965435,0.037442863,0.5676253,0.18198244,0.0199237,0.113307215,0.033091135,0.2938731,0.09242049,0.10338889,0.0048107617,0.01367918,0.0,0.0,0.0,0.0,0.0,0.0,0.0,0.0,0.0,0.0,1.0,0.0,0.0,0.0,0.0
1,0,1.0,0.0,0.15399908,0.02825297,0.014476499,0.0041152863,0.11610024,0.15108421,0.060372062,0.017194483,0.2005338,0.0394643,0.27807593,0.051323112,0.09401077,0.016512124,0.0026395177,0.0,0.0,0.0,0.0,0.0,0.0,0.0,0.0,0.0,0.0,1.0,0.0,0.0,0.0,0.0
1,0,1.0,0.0,0.10199099,0.17223099,0.010565299,0.0011707525,0.14542158,0.053509634,0.083003365,0.017006293,0.24132301,0.011865739,0.34326038,0.054097883,0.037326828,0.008723247,0.009025149,0.0,0.0,0.0,0.0,0.0,0.0,0.0,0.0,0.0,0.0,1.0,0.0,0.0,0.0,0.0
1,0,1.0,0.0,0.033925418,1.7303157e-05,0.005197249,2.2838623e-05,0.0037055323,0.0007105671,0.021047866,5.3264965e-05,0.06985752,0.015249122,0.65769523,0.03455654,0.012693274,0.0017952721,0.022314891,0.0,0.0,0.0,0.0,0.0,0.0,0.0,0.0,0.0,0.0,1.0,0.0,0.0,0.0,0.0
1,0,1.0,0.0,0.25895074,0.08182326,0.011617407,0.0052448465,0.1365637,0.05074918,0.034100343,0.31671414,0.090084866,0.30693963,0.21022297,0.046517752,0.06607924,0.008591929,0.008300383,0.0,0.0,0.0,0.0,0.0,0.0,0.0,0.0,0.0,0.0,1.0,0.0,0.0,0.0,0.0
1,0,1.0,0.0,0.016813986,0.00018918705,0.0067060543,0.00015772386,0.0056565576,0.00051828916,0.0039560297,6.746436e-06,0.24157436,0.0056979484,0.6842681,0.022695525,0.01039907,0.0033792902,0.0057973606,0.0,0.0,0.0,0.0,0.0,0.0,0.0,0.0,0.0,0.0,1.0,0.0,0.0,0.0,0.0
1,0,1.0,0.0,0.041546278,0.008655409,0.014738277,0.00362983,0.009050841,0.079561755,0.026798876,0.000614906,0.105672315,0.015956523,0.59951353,0.037432846,0.042575188,0.0057377173,0.0031876187,0.0,0.0,0.0,0.0,0.0,0.0,0.0,0.0,0.0,0.0,1.0,0.0,0.0,0.0,0.0
1,0,1.0,0.0,0.017047066,0.0013143314,0.002473217,8.461361e-05,0.010746173,0.019204099,0.008066672,4.6621506e-05,0.22558613,0.0064225867,0.6264175,0.02986287,0.015085573,0.0017004462,0.0013930771,0.0,0.0,0.0,0.0,0.0,0.0,0.0,0.0,0.0,0.0,1.0,0.0,0.0,0.0,0.0
1,0,1.0,0.0,0.10472844,0.0012160676,0.0057359845,0.0004933727,0.049050827,0.31957558,0.07210595,0.0051903334,0.11398556,0.017436922,0.41280895,0.06460927,0.039440975,0.00553852,0.0051600225,0.0,0.0,0.0,0.0,0.0,0.0,0.0,0.0,0.0,0.0,1.0,0.0,0.0,0.0,0.0
1,0,1.0,0.0,0.22018047,0.007136579,0.012009699,0.0019700637,0.05114246,0.026069544,0.010366904,0.0022600773,0.16179128,0.030380668,0.42682064,0.03710066,0.026764663,0.014200641,0.0025772562,0.0,0.0,0.0,0.0,0.0,0.0,0.0,0.0,0.0,0.0,1.0,0.0,0.0,0.0,0.0
1,0,1.0,0.0,0.114147484,0.011631513,0.019668624,0.0008609286,0.03514044,0.106699586,0.06473849,0.0064372,0.15881795,0.09292194,0.2815143,0.12258197,0.07633065,0.009109223,0.017078312,0.0,0.0,0.0,0.0,0.0,0.0,0.0,0.0,0.0,0.0,1.0,0.0,0.0,0.0,0.0
1,0,1.0,0.0,0.051627494,0.00035534834,0.012072207,0.00035701334,0.014446914,0.023043206,0.021418784,0.0003847877,0.23533425,0.009283727,0.5358593,0.045798533,0.02070576,0.007933091,0.004951643,0.0,0.0,0.0,0.0,0.0,0.0,0.0,0.0,0.0,0.0,1.0,0.0,0.0,0.0,0.0
1,0,1.0,0.0,0.3192823,0.00085106585,0.020198569,0.00097113376,0.438873,0.05134675,0.016662898,0.00016264178,0.16234733,0.012011837,0.16945021,0.008622499,0.066527925,0.0074716047,0.07491238,0.0,0.0,0.0,0.0,0.0,0.0,0.0,0.0,0.0,0.0,1.0,0.0,0.0,0.0,0.0
1,0,1.0,0.0,0.010520172,0.00016837253,0.007703192,0.00022272681,0.0042622685,0.00073418237,0.010492898,3.6904798e-06,0.09727829,0.008841536,0.7570687,0.033421587,0.01574984,0.0027929328,0.030081075,0.0,0.0,0.0,0.0,0.0,0.0,0.0,0.0,0.0,0.0,1.0,0.0,0.0,0.0,0.0
1,0,1.0,0.0,0.09821517,0.05333182,0.01790567,0.0021742317,0.1285201,0.045991227,0.086278185,0.000937567,0.19666329,0.057663687,0.24600555,0.09916587,0.095553055,0.0063670813,0.027675679,0.0,0.0,0.0,0.0,0.0,0.0,0.0,0.0,0.0,0.0,1.0,0.0,0.0,0.0,0.0
1,0,1.0,0.0,0.056189705,0.004745069,0.0040190257,0.00027985216,0.011797439,0.017657889,0.008995885,0.00020439443,0.111270465,0.008043457,0.6883831,0.032556772,0.016222205,0.00230459,0.0014702071,0.0,0.0,0.0,0.0,0.0,0.0,0.0,0.0,0.0,0.0,1.0,0.0,0.0,0.0,0.0
1,0,1.0,0.0,0.13946252,0.00039806732,0.013908852,0.00038096888,0.07016118,0.11314673,0.14590079,0.019087993,0.19777997,0.026005976,0.25174254,0.07306028,0.1227255,0.008731573,0.0035074346,0.0,0.0,0.0,0.0,0.0,0.0,0.0,0.0,0.0,0.0,1.0,0.0,0.0,0.0,0.0
1,0,1.0,0.0,0.005099054,0.000929091,0.0042757676,4.1721643e-05,0.003945855,0.0016103297,0.007275589,1.5271e-06,0.07793257,0.0015502447,0.8166362,0.028938996,0.01062812,0.0017338588,0.020329248,0.0,0.0,0.0,0.0,0.0,0.0,0.0,0.0,0.0,0.0,1.0,0.0,0.0,0.0,0.0
1,0,1.0,0.0,0.09387929,0.010217915,0.015293237,0.00077015004,0.039424017,0.07898938,0.0750503,0.050274,0.14238627,0.43004212,0.1790588,0.11471263,0.16408525,0.0063574286,0.024758069,0.0,0.0,0.0,0.0,0.0,0.0,0.0,0.0,0.0,0.0,1.0,0.0,0.0,0.0,0.0
1,0,1.0,0.0,0.11898197,0.00059288344,0.04464604,0.008574786,0.099005304,0.028332107,0.046741653,0.0034932238,0.27567402,0.06724483,0.27399188,0.08298021,0.096134305,0.035758644,0.06325799,0.0,0.0,0.0,0.0,0.0,0.0,0.0,0.0,0.0,0.0,1.0,0.0,0.0,0.0,0.0
1,0,1.0,0.0,0.027425528,0.00040481598,0.008371082,0.00021963548,0.007450506,0.034937587,0.06672275,0.0004268067,0.20595734,0.008745781,0.4963066,0.08144323,0.039445825,0.004169888,0.005792259,0.0,0.0,0.0,0.0,0.0,0.0,0.0,0.0,0.0,0.0,1.0,0.0,0.0,0.0,0.0
1,0,1.0,0.0,0.044275276,0.0022008242,0.005596648,0.00017687478,0.00939563,0.030107042,0.027992234,0.00074212375,0.18843296,0.015901035,0.5794289,0.06462287,0.029471183,0.002719168,0.0022290344,0.0,0.0,0.0,0.0,0.0,0.0,0.0,0.0,0.0,0.0,1.0,0.0,0.0,0.0,0.0
1,0,1.0,0.0,0.060946528,0.0014160648,0.007713634,0.00027500343,0.015340436,0.024759773,0.008324033,0.00017485951,0.10759225,0.01995603,0.6380288,0.04047777,0.019112945,0.004695011,0.0009956795,0.0,0.0,0.0,0.0,0.0,0.0,0.0,0.0,0.0,0.0,1.0,0.0,0.0,0.0,0.0
1,0,1.0,0.0,0.049110577,0.001177099,0.011147566,0.00042927722,0.010056835,0.051193856,0.07361291,0.0008462645,0.119640514,0.009181657,0.564316,0.046817064,0.05758316,0.004274866,0.005923354,0.0,0.0,0.0,0.0,0.0,0.0,0.0,0.0,0.0,0.0,1.0,0.0,0.0,0.0,0.0
1,0,1.0,0.0,0.29949325,0.018563524,0.010874437,0.00060911535,0.057501685,0.11084109,0.05813478,0.14924096,0.16492195,0.037622903,0.31304264,0.021969264,0.0819546,0.012577775,0.0037717063,0.0,0.0,0.0,0.0,0.0,0.0,0.0,0.0,0.0,0.0,1.0,0.0,0.0,0.0,0.0
1,0,1.0,0.0,0.24182066,0.006786473,0.017221838,0.0019005681,0.16692454,0.14106195,0.030047733,0.006810869,0.21327482,0.14596435,0.19575611,0.07432686,0.049877234,0.021188047,0.017620692,0.0,0.0,0.0,0.0,0.0,0.0,0.0,0.0,0.0,0.0,1.0,0.0,0.0,0.0,0.0
1,0,1.0,0.0,0.043061104,0.0039950456,0.015369786,0.0029081379,0.02331395,0.006382905,0.046961162,0.00030940343,0.23830536,0.012615685,0.51600903,0.055210404,0.060707964,0.010460757,0.009518717,0.0,0.0,0.0,0.0,0.0,0.0,0.0,0.0,0.0,0.0,1.0,0.0,0.0,0.0,0.0
1,0,1.0,0.0,0.075709395,0.0016029077,0.013853534,0.00090323243,0.04862098,0.033512283,0.08792027,0.029271834,0.1877672,0.045837026,0.38410696,0.09099593,0.08272216,0.006089395,0.0029323602,0.0,0.0,0.0,0.0,0.0,0.0,0.0,0.0,0.0,0.0,1.0,0.0,0.0,0.0,0.0
1,0,1.0,0.0,0.08320466,0.00282417,0.023912257,0.0008409162,0.045219783,0.06692149,0.043395907,0.012688439,0.2288391,0.055285145,0.19830976,0.4525408,0.07173811,0.010374622,0.0018534017,0.0,0.0,0.0,0.0,0.0,0.0,0.0,0.0,0.0,0.0,1.0,0.0,0.0,0.0,0.0
1,0,1.0,0.0,0.0688173,0.00039087655,0.006341045,0.00015004228,0.025758315,0.2564081,0.054569785,0.00408129,0.21365233,0.0068318965,0.46244583,0.052820783,0.06982402,0.0038108502,0.005083118,0.0,0.0,0.0,0.0,0.0,0.0,0.0,0.0,0.0,0.0,1.0,0.0,0.0,0.0,0.0
1,0,1.0,0.0,0.1243637,0.0016721196,0.014176757,0.0012515372,0.044669397,0.24178983,0.07328094,0.05040614,0.20286557,0.028262185,0.34871635,0.06965819,0.064711556,0.010260483,0.0023208559,0.0,0.0,0.0,0.0,0.0,0.0,0.0,0.0,0.0,0.0,1.0,0.0,0.0,0.0,0.0
1,0,1.0,0.0,0.032104358,0.0007372016,0.00886552,0.0001799899,0.011350622,0.026858395,0.020070277,0.00015582806,0.26178148,0.008433309,0.6118318,0.035441145,0.018994588,0.0045636874,0.0044704955,0.0,0.0,0.0,0.0,0.0,0.0,0.0,0.0,0.0,0.0,1.0,0.0,0.0,0.0,0.0
1,0,1.0,0.0,0.0682918,0.0012326363,0.015906503,0.001115597,0.0308806,0.23704344,0.06887092,0.0072488473,0.14024901,0.015609007,0.4312841,0.076923974,0.065329745,0.012009014,0.00917354,0.0,0.0,0.0,0.0,0.0,0.0,0.0,0.0,0.0,0.0,1.0,0.0,0.0,0.0,0.0
1,0,1.0,0.0,0.0089255115,4.6701065e-05,0.007986246,9.011215e-05,0.004299629,0.004601803,0.032847174,7.151539e-05,0.07271692,0.016745426,0.74951077,0.050235618,0.033392794,0.0027236065,0.017669616,0.0,0.0,0.0,0.0,0.0,0.0,0.0,0.0,0.0,0.0,1.0,0.0,0.0,0.0,0.0
1,0,1.0,0.0,0.13143447,0.0016232105,0.016140494,0.006562228,0.1012968,0.051623,0.057312362,0.00070575683,0.107319996,0.024742667,0.37469503,0.037043724,0.12321429,0.012083462,0.02132317,0.0,0.0,0.0,0.0,0.0,0.0,0.0,0.0,0.0,0.0,1.0,0.0,0.0,0.0,0.0
1,0,1.0,0.0,0.12677513,0.03474985,0.005797198,0.0011543944,0.012291589,0.013451521,0.012251335,0.0007974185,0.16784073,0.0057478915,0.5503686,0.031432334,0.014445768,0.0031298376,0.0026799534,0.0,0.0,0.0,0.0,0.0,0.0,0.0,0.0,0.0,0.0,1.0,0.0,0.0,0.0,0.0
1,0,1.0,0.0,0.0307808,0.00035218202,0.010997399,0.00027652545,0.0069856914,0.083224125,0.028351756,0.0005381215,0.09318407,0.008649103,0.68249553,0.048194613,0.024016213,0.002876482,0.00723009,0.0,0.0,0.0,0.0,0.0,0.0,0.0,0.0,0.0,0.0,1.0,0.0,0.0,0.0,0.0
1,0,1.0,0.0,0.06340324,0.026745731,0.010382731,0.0012883843,0.04341927,0.024153765,0.07258804,0.010518048,0.14469531,0.019400235,0.54155254,0.05141751,0.03326799,0.0062990617,0.0035202072,0.0,0.0,0.0,0.0,0.0,0.0,0.0,0.0,0.0,0.0,1.0,0.0,0.0,0.0,0.0
1,0,1.0,0.0,0.04794575,0.0010864958,0.020233968,0.0011146277,0.02637791,0.024836004,0.072921574,0.0013722779,0.18537496,0.037512038,0.47536147,0.056868996,0.07907115,0.014927348,0.0059125097,0.0,0.0,0.0,0.0,0.0,0.0,0.0,0.0,0.0,0.0,1.0,0.0,0.0,0.0,0.0
1,0,1.0,0.0,0.028323373,0.00037714862,0.010408153,0.00022210505,0.015104169,0.019601138,0.044524178,0.0012915953,0.19696748,0.015128122,0.5503759,0.108728945,0.035159774,0.006235161,0.017837867,0.0,0.0,0.0,0.0,0.0,0.0,0.0,0.0,0.0,0.0,1.0,0.0,0.0,0.0,0.0
1,0,1.0,0.0,0.07136521,0.001954049,0.010979069,0.0004482793,0.00861126,0.020485431,0.010240484,0.00026857323,0.1013504,0.017587962,0.66163844,0.03939077,0.027167864,0.00525096,0.0028766405,0.0,0.0,0.0,0.0,0.0,0.0,0.0,0.0,0.0,0.0,1.0,0.0,0.0,0.0,0.0
1,0,1.0,0.0,0.32225662,0.0068701454,0.054584414,0.003938773,0.40700477,0.06553377,0.0466027,0.21084897,0.1956187,0.33842307,0.097791106,0.024507886,0.15475117,0.01671152,0.012912595,0.0,0.0,0.0,0.0,0.0,0.0,0.0,0.0,0.0,0.0,1.0,0.0,0.0,0.0,0.0
1,0,1.0,0.0,0.05403535,0.37027812,0.008022184,0.0018129918,0.060273077,0.02613044,0.048592865,0.0001530674,0.07781105,0.006775996,0.4124101,0.030896295,0.042680018,0.0020820552,0.006181464,0.0,0.0,0.0,0.0,0.0,0.0,0.0,0.0,0.0,0.0,1.0,0.0,0.0,0.0,0.0
1,0,1.0,0.0,0.48181084,0.004987203,0.0195349,0.0014311675,0.07321827,0.037995927,0.12821281,0.028847426,0.1425589,0.011995658,0.2777045,0.03107477,0.047658004,0.014412338,0.029318359,0.0,0.0,0.0,0.0,0.0,0.0,0.0,0.0,0.0,0.0,1.0,0.0,0.0,0.0,0.0
1,0,1.0,0.0,0.05408595,0.0005839093,0.012199309,0.00032044027,0.030845726,0.10339412,0.14922568,0.009653289,0.19054076,0.023799166,0.3795923,0.12439322,0.09134899,0.005988931,0.06616154,0.0,0.0,0.0,0.0,0.0,0.0,0.0,0.0,0.0,0.0,1.0,0.0,0.0,0.0,0.0
1,0,1.0,0.0,0.0697782,0.0014086498,0.011950541,0.00023413515,0.018373838,0.069926925,0.09334326,0.020751359,0.11718515,0.044292152,0.4547582,0.067298844,0.083010025,0.00628773,0.010127572,0.0,0.0,0.0,0.0,0.0,0.0,0.0,0.0,0.0,0.0,1.0,0.0,0.0,0.0,0.0
1,0,1.0,0.0,0.09511214,0.023068165,0.04617678,0.0020159408,0.058549985,0.08653684,0.16998367,0.14942451,0.20430289,0.15035273,0.22745895,0.06549844,0.123814955,0.010605166,0.019280327,0.0,0.0,0.0,0.0,0.0,0.0,0.0,0.0,0.0,0.0,1.0,0.0,0.0,0.0,0.0
1,0,1.0,0.0,0.19516826,0.0013397792,0.00784392,8.024946e-05,0.008276399,0.006393226,0.032745846,0.001209728,0.13797107,0.011214133,0.5706783,0.047371347,0.025110029,0.0046670935,0.0021443123,0.0,0.0,0.0,0.0,0.0,0.0,0.0,0.0,0.0,0.0,1.0,0.0,0.0,0.0,0.0
1,0,1.0,0.0,0.06320086,0.0025275263,0.010917352,0.00019051303,0.014630745,0.029258592,0.05184378,0.06288614,0.14630045,0.066633716,0.48929262,0.07752059,0.027632847,0.004898767,0.0037490593,0.0,0.0,0.0,0.0,0.0,0.0,0.0,0.0,0.0,0.0,1.0,0.0,0.0,0.0,0.0
1,0,1.0,0.0,0.029867524,0.002771593,0.013381576,0.00036734555,0.011297439,0.008929022,0.01855579,0.00048219753,0.354075,0.019078687,0.44686157,0.054781914,0.029099315,0.0048332433,0.009667357,0.0,0.0,0.0,0.0,0.0,0.0,0.0,0.0,0.0,0.0,1.0,0.0,0.0,0.0,0.0
1,0,1.0,0.0,0.024092305,0.00034116753,0.021383971,0.0013293149,0.01018603,0.023311447,0.07181957,0.00025674145,0.23114462,0.014995818,0.44459486,0.053285036,0.05773929,0.0148194395,0.009964773,0.0,0.0,0.0,0.0,0.0,0.0,0.0,0.0,0.0,0.0,1.0,0.0,0.0,0.0,0.0
1,0,1.0,0.0,0.058102973,0.00013822812,0.006778105,0.0001399353,0.011734205,0.066885605,0.014942613,0.0005239972,0.17121433,0.009481377,0.54859143,0.085527316,0.03392615,0.0031821146,0.00083672034,0.0,0.0,0.0,0.0,0.0,0.0,0.0,0.0,0.0,0.0,1.0,0.0,0.0,0.0,0.0
1,0,1.0,0.0,0.1393465,0.033733513,0.015104388,0.0029799417,0.017505514,0.006109393,0.008382122,0.00080135855,0.24325094,0.028891718,0.44947064,0.036733527,0.011004818,0.012894956,0.0055404613,0.0,0.0,0.0,0.0,0.0,0.0,0.0,0.0,0.0,0.0,1.0,0.0,0.0,0.0,0.0
1,0,1.0,0.0,0.07638933,0.022019904,0.008625948,0.00068988896,0.03352331,0.049627874,0.03655345,0.037175346,0.15633303,0.1077616,0.4016994,0.14044358,0.075710945,0.0074593197,0.0038052027,0.0,0.0,0.0,0.0,0.0,0.0,0.0,0.0,0.0,0.0,1.0,0.0,0.0,0.0,0.0
1,0,1.0,0.0,0.040410228,0.003911972,0.005343702,0.0002891008,0.012901337,0.0898243,0.014859971,0.0009167831,0.30260447,0.007822218,0.4917255,0.024612296,0.03738868,0.0015442991,0.0025220935,0.0,0.0,0.0,0.0,0.0,0.0,0.0,0.0,0.0,0.0,1.0,0.0,0.0,0.0,0.0
1,0,1.0,0.0,0.17556953,0.04151308,0.008458618,0.0005039263,0.03540157,0.10567696,0.059160937,0.19416097,0.08001818,0.0805665,0.35357022,0.03579154,0.05664382,0.003477935,0.013216994,0.0,0.0,0.0,0.0,0.0,0.0,0.0,0.0,0.0,0.0,1.0,0.0,0.0,0.0,0.0
1,0,1.0,0.0,0.009226721,0.00015490939,0.012049333,0.000309874,0.0027429562,0.0062608803,0.029925913,5.3877916e-06,0.046051975,0.0027235898,0.74917144,0.028842513,0.034775425,0.002470151,0.043757662,0.0,0.0,0.0,0.0,0.0,0.0,0.0,0.0,0.0,0.0,1.0,0.0,0.0,0.0,0.0
1,0,1.0,0.0,0.15950592,0.11294328,0.011260875,0.0052678986,0.18949208,0.02576768,0.08999804,0.0033888086,0.14977401,0.12018705,0.20525983,0.21605575,0.058036257,0.012579178,0.0059009204,0.0,0.0,0.0,0.0,0.0,0.0,0.0,0.0,0.0,0.0,1.0,0.0,0.0,0.0,0.0
1,0,1.0,0.0,0.42817056,0.006692648,0.028147297,0.011230362,0.0890632,0.010893974,0.023617655,0.0025810844,0.23328567,0.07054219,0.18218547,0.17749289,0.022418298,0.029021846,0.0063540256,0.0,0.0,0.0,0.0,0.0,0.0,0.0,0.0,0.0,0.0,1.0,0.0,0.0,0.0,0.0
1,0,1.0,0.0,0.043960407,0.0017525752,0.011526297,0.0004054271,0.024035666,0.08310503,0.09923782,0.022382595,0.14310715,0.089648,0.35468164,0.15798491,0.10850506,0.0058501135,0.013446447,0.0,0.0,0.0,0.0,0.0,0.0,0.0,0.0,0.0,0.0,1.0,0.0,0.0,0.0,0.0
1,0,1.0,0.0,0.20459712,0.029915525,0.016104627,0.003462413,0.2640204,0.12449606,0.08204215,0.023072986,0.14648582,0.033844005,0.2241801,0.022230983,0.089936815,0.009126465,0.049031552,0.0,0.0,0.0,0.0,0.0,0.0,0.0,0.0,0.0,0.0,1.0,0.0,0.0,0.0,0.0
1,0,1.0,0.0,0.06036269,0.00038929703,0.0077287587,0.00032020363,0.027569963,0.022378992,0.012997892,0.00023762212,0.29569262,0.011007641,0.5287404,0.04861219,0.026933836,0.0046277586,0.0018196234,0.0,0.0,0.0,0.0,0.0,0.0,0.0,0.0,0.0,0.0,1.0,0.0,0.0,0.0,0.0
1,0,1.0,0.0,0.11843151,0.020323694,0.023084082,0.0044689104,0.09177055,0.035624757,0.14209364,0.06642222,0.21130012,0.2797237,0.23362088,0.08579044,0.12741435,0.009604036,0.0059168492,0.0,0.0,0.0,0.0,0.0,0.0,0.0,0.0,0.0,0.0,1.0,0.0,0.0,0.0,0.0
1,0,1.0,0.0,0.36058098,0.008281523,0.02000127,0.0029577313,0.123105705,0.023991115,0.042636596,0.0091660535,0.19420458,0.015931236,0.28275663,0.026810499,0.022966668,0.015746234,0.010680549,0.0,0.0,0.0,0.0,0.0,0.0,0.0,0.0,0.0,0.0,1.0,0.0,0.0,0.0,0.0
1,0,1.0,0.0,0.058415014,0.00034374392,0.011473479,0.00036735766,0.008219818,0.016173353,0.021973137,0.00028582625,0.05525705,0.021483323,0.69931734,0.067923225,0.02810114,0.005177851,0.005361406,0.0,0.0,0.0,0.0,0.0,0.0,0.0,0.0,0.0,0.0,1.0,0.0,0.0,0.0,0.0
1,0,1.0,0.0,0.12412221,0.003983259,0.0082319705,0.00012341341,0.051327124,0.17685927,0.09965423,0.87898016,0.16724513,0.39243037,0.19308344,0.115807615,0.090554275,0.0033792693,0.0029860027,0.0,0.0,0.0,0.0,0.0,0.0,0.0,0.0,0.0,0.0,1.0,0.0,0.0,0.0,0.0
1,0,1.0,0.0,0.07750477,0.00031496692,0.015564867,0.0002582991,0.050793655,0.35482356,0.18718009,0.019366736,0.18786854,0.029761529,0.28403157,0.10037573,0.22582725,0.005792261,0.0018639376,0.0,0.0,0.0,0.0,0.0,0.0,0.0,0.0,0.0,0.0,1.0,0.0,0.0,0.0,0.0
1,0,1.0,0.0,0.2511757,0.023387462,0.015918465,0.0030075354,0.06120667,0.010577642,0.032609444,0.0016278784,0.13760434,0.07787809,0.34340924,0.051090445,0.031530447,0.015736653,0.0022370622,0.0,0.0,0.0,0.0,0.0,0.0,0.0,0.0,0.0,0.0,1.0,0.0,0.0,0.0,0.0
1,0,1.0,0.0,0.076458834,0.002051949,0.0151699735,0.0009517882,0.01312187,0.0015046069,0.008706613,0.00014082265,0.18113583,0.020952744,0.50952554,0.10264379,0.013831618,0.009115058,0.0017104978,0.0,0.0,0.0,0.0,0.0,0.0,0.0,0.0,0.0,0.0,1.0,0.0,0.0,0.0,0.0
