0.106481,-0.151192,0.0,1.0,-0.82712,-0.970338,-0.932715,-0.941687,-0.881163,-0.957099,-0.967193,-1.00493,-0.629139,-0.928456,-0.902694,-0.949472,-0.959789,-0.889012,0.0,0.0,0.0,0.0,0.0,0.0,0.0,0.0,0.0,1.0,1.0,0.0,0.0,0.0
-0.108089,0.0675766,0.0,1.0,-0.718412,-0.972081,-0.913784,-0.947318,-0.678647,-0.957204,-0.963789,-1.00682,-0.649457,-0.857181,-0.87347,-0.936396,-0.959395,-0.869793,0.0,0.0,0.0,0.0,0.0,0.0,0.0,0.0,0.0,1.0,1.0,0.0,0.0,0.0
0.0892329,-0.146992,0.0,1.0,-0.825544,-0.969461,-0.931759,-0.941633,-0.876532,-0.956411,-0.967073,-1.0047,-0.629222,-0.927086,-0.901888,-0.948984,-0.959841,-0.888131,0.0,0.0,0.0,0.0,0.0,0.0,0.0,0.0,0.0,1.0,1.0,0.0,0.0,0.0
0.00269508,-0.0506874,0.0,1.0,-0.777904,-0.970656,-0.923694,-0.944031,-0.788586,-0.956737,-0.965627,-1.00566,-0.637526,-0.896053,-0.889221,-0.943383,-0.959568,-0.87982,0.0,0.0,0.0,0.0,0.0,0.0,0.0,0.0,0.0,1.0,1.0,0.0,0.0,0.0
0.0928516,-0.128815,0.0,1.0,-0.814266,-0.971423,-0.931393,-0.942849,-0.858878,-0.957913,-0.966828,-1.00538,-0.633643,-0.920242,-0.899726,-0.948251,-0.959884,-0.887801,0.0,0.0,0.0,0.0,0.0,0.0,0.0,0.0,0.0,1.0,1.0,0.0,0.0,0.0
0.199651,-0.173168,0.0,1.0,-0.82507,-0.97751,-0.939572,-0.945495,-0.890832,-0.963497,-0.96746,-1.00681,-0.644866,-0.928958,-0.906001,-0.951832,-0.960751,-0.896843,0.0,0.0,0.0,0.0,0.0,0.0,0.0,0.0,0.0,1.0,1.0,0.0,0.0,0.0
-0.0506278,-0.00894469,0.0,1.0,-0.769439,-0.967373,-0.917523,-0.940909,-0.766309,-0.953045,-0.965362,-1.00509,-0.622473,-0.890173,-0.884529,-0.94095,-0.958106,-0.872067,0.0,0.0,0.0,0.0,0.0,0.0,0.0,0.0,0.0,1.0,1.0,0.0,0.0,0.0
0.0619189,-0.133189,0.0,1.0,-0.807603,-0.97133,-0.931916,-0.945801,-0.846163,-0.958708,-0.96637,-1.00519,-0.648543,-0.914982,-0.898689,-0.94763,-0.961299,-0.889931,0.0,0.0,0.0,0.0,0.0,0.0,0.0,0.0,0.0,1.0,1.0,0.0,0.0,0.0
-0.0304886,-0.0176337,0.0,1.0,-0.770728,-0.968712,-0.919235,-0.941712,-0.771283,-0.95432,-0.96545,-1.00541,-0.626009,-0.891319,-0.885663,-0.941616,-0.958384,-0.87407,0.0,0.0,0.0,0.0,0.0,0.0,0.0,0.0,0.0,1.0,1.0,0.0,0.0,0.0
0.12616,-0.133943,0.0,1.0,-0.814862,-0.973543,-0.933255,-0.943358,-0.863996,-0.959619,-0.966996,-1.00597,-0.635174,-0.921359,-0.900858,-0.949047,-0.95987,-0.889614,0.0,0.0,0.0,0.0,0.0,0.0,0.0,0.0,0.0,1.0,1.0,0.0,0.0,0.0
0.0137491,-0.0364169,0.0,1.0,-0.765755,-0.973461,-0.924281,-0.946106,-0.770889,-0.959121,-0.965359,-1.00654,-0.645889,-0.888734,-0.887395,-0.942884,-0.959928,-0.880789,0.0,0.0,0.0,0.0,0.0,0.0,0.0,0.0,0.0,1.0,1.0,0.0,0.0,0.0
-0.0400904,-0.0122421,0.0,1.0,-0.753011,-0.972008,-0.921154,-0.94701,-0.744046,-0.958043,-0.964785,-1.00623,-0.650439,-0.879607,-0.883424,-0.940849,-0.960253,-0.878073,0.0,0.0,0.0,0.0,0.0,0.0,0.0,0.0,0.0,1.0,1.0,0.0,0.0,0.0
0.0110471,-0.060851,0.0,1.0,-0.7771,-0.971845,-0.925505,-0.945777,-0.789342,-0.958183,-0.965559,-1.00588,-0.645894,-0.895491,-0.889988,-0.943819,-0.960317,-0.882457,0.0,0.0,0.0,0.0,0.0,0.0,0.0,0.0,0.0,1.0,1.0,0.0,0.0,0.0
-0.0559307,-0.017126,0.0,1.0,-0.764044,-0.968715,-0.919323,-0.943955,-0.758689,-0.95493,-0.965063,-1.00532,-0.637171,-0.886305,-0.88443,-0.940957,-0.959401,-0.875315,0.0,0.0,0.0,0.0,0.0,0.0,0.0,0.0,0.0,1.0,1.0,0.0,0.0,0.0
0.0116103,-0.0839609,0.0,1.0,-0.779286,-0.972501,-0.928232,-0.948392,-0.794784,-0.959646,-0.96545,-1.0058,-0.659284,-0.896367,-0.891703,-0.944556,-0.961701,-0.886729,0.0,0.0,0.0,0.0,0.0,0.0,0.0,0.0,0.0,1.0,1.0,0.0,0.0,0.0
-0.0573347,0.0288703,0.0,1.0,-0.750791,-0.969473,-0.915395,-0.941803,-0.734943,-0.954317,-0.96495,-1.00597,-0.624601,-0.878724,-0.880169,-0.93927,-0.957738,-0.869524,0.0,0.0,0.0,0.0,0.0,0.0,0.0,0.0,0.0,1.0,1.0,0.0,0.0,0.0
-0.0484029,-0.014948,0.0,1.0,-0.767096,-0.968349,-0.918805,-0.942584,-0.763747,-0.954269,-0.965237,-1.00528,-0.630471,-0.888549,-0.884746,-0.94111,-0.958802,-0.874122,0.0,0.0,0.0,0.0,0.0,0.0,0.0,0.0,0.0,1.0,1.0,0.0,0.0,0.0
-0.118765,0.0527346,0.0,1.0,-0.7442,-0.96614,-0.910974,-0.94065,-0.716177,-0.951346,-0.964559,-1.00517,-0.619942,-0.873424,-0.876631,-0.937249,-0.957403,-0.864789,0.0,0.0,0.0,0.0,0.0,0.0,0.0,0.0,0.0,1.0,1.0,0.0,0.0,0.0
0.0157135,-0.0503309,0.0,1.0,-0.774747,-0.97216,-0.924683,-0.945048,-0.785455,-0.958079,-0.965586,-1.00608,-0.641758,-0.894328,-0.889189,-0.943544,-0.959807,-0.88106,0.0,0.0,0.0,0.0,0.0,0.0,0.0,0.0,0.0,1.0,1.0,0.0,0.0,0.0
0.104427,-0.138301,0.0,1.0,-0.812856,-0.972915,-0.93334,-0.944701,-0.859057,-0.959594,-0.966762,-1.00569,-0.642351,-0.919383,-0.900465,-0.948713,-0.960629,-0.890566,0.0,0.0,0.0,0.0,0.0,0.0,0.0,0.0,0.0,1.0,1.0,0.0,0.0,0.0
-0.00376809,-0.059479,0.0,1.0,-0.78777,-0.968392,-0.922942,-0.941935,-0.802974,-0.954666,-0.965882,-1.00499,-0.628597,-0.90213,-0.890578,-0.943755,-0.959051,-0.878504,0.0,0.0,0.0,0.0,0.0,0.0,0.0,0.0,0.0,1.0,1.0,0.0,0.0,0.0
0.0986477,-0.110571,0.0,1.0,-0.78902,-0.976777,-0.93347,-0.948841,-0.821256,-0.963127,-0.966079,-1.0069,-0.660003,-0.904313,-0.896288,-0.94722,-0.96161,-0.891782,0.0,0.0,0.0,0.0,0.0,0.0,0.0,0.0,0.0,1.0,1.0,0.0,0.0,0.0
0.0681708,-0.0942711,0.0,1.0,-0.802778,-0.970927,-0.927794,-0.941783,-0.836154,-0.956847,-0.966553,-1.00552,-0.627528,-0.91294,-0.895854,-0.946498,-0.959042,-0.883281,0.0,0.0,0.0,0.0,0.0,0.0,0.0,0.0,0.0,1.0,1.0,0.0,0.0,0.0
0.0775309,-0.135959,0.0,1.0,-0.805094,-0.972993,-0.933311,-0.947049,-0.844562,-0.960263,-0.966342,-1.00563,-0.653934,-0.91367,-0.898979,-0.947947,-0.96166,-0.89171,0.0,0.0,0.0,0.0,0.0,0.0,0.0,0.0,0.0,1.0,1.0,0.0,0.0,0.0
0.0124725,-0.0727251,0.0,1.0,-0.787794,-0.970014,-0.925326,-0.943839,-0.806114,-0.956499,-0.965863,-1.00531,-0.637607,-0.902235,-0.8918,-0.94445,-0.959847,-0.881759,0.0,0.0,0.0,0.0,0.0,0.0,0.0,0.0,0.0,1.0,1.0,0.0,0.0,0.0
0.0124725,-0.0727251,0.0,1.0,-0.787794,-0.970014,-0.925326,-0.943839,-0.806114,-0.956499,-0.965863,-1.00531,-0.637607,-0.902235,-0.8918,-0.94445,-0.959847,-0.881759,0.0,0.0,0.0,0.0,0.0,0.0,0.0,0.0,0.0,1.0,1.0,0.0,0.0,0.0
-0.0427421,-0.0114915,0.0,1.0,-0.750581,-0.972379,-0.921365,-0.947736,-0.74016,-0.958495,-0.964687,-1.00632,-0.653831,-0.877968,-0.883086,-0.940719,-0.960521,-0.878583,0.0,0.0,0.0,0.0,0.0,0.0,0.0,0.0,0.0,1.0,1.0,0.0,0.0,0.0
-0.109993,0.0408869,0.0,1.0,-0.737493,-0.968817,-0.914026,-0.944665,-0.7086,-0.954488,-0.964261,-1.00574,-0.638853,-0.868967,-0.876959,-0.937599,-0.958992,-0.8696,0.0,0.0,0.0,0.0,0.0,0.0,0.0,0.0,0.0,1.0,1.0,0.0,0.0,0.0
0.0633532,-0.0843725,0.0,1.0,-0.798523,-0.971145,-0.927013,-0.941805,-0.828505,-0.956887,-0.966451,-1.00566,-0.627211,-0.910275,-0.894704,-0.946015,-0.958897,-0.882341,0.0,0.0,0.0,0.0,0.0,0.0,0.0,0.0,0.0,1.0,1.0,0.0,0.0,0.0
0.0130279,-0.0537264,0.0,1.0,-0.776539,-0.971746,-0.924728,-0.94493,-0.78807,-0.957794,-0.965609,-1.00594,-0.641507,-0.895349,-0.889519,-0.943635,-0.959857,-0.881164,0.0,0.0,0.0,0.0,0.0,0.0,0.0,0.0,0.0,1.0,1.0,0.0,0.0,0.0
0.0468297,-0.0730094,0.0,1.0,-0.772857,-0.975589,-0.92922,-0.948966,-0.788411,-0.96186,-0.965503,-1.0068,-0.66011,-0.893329,-0.891172,-0.94475,-0.961375,-0.887313,0.0,0.0,0.0,0.0,0.0,0.0,0.0,0.0,0.0,1.0,1.0,0.0,0.0,0.0
0.0468297,-0.0730094,0.0,1.0,-0.772857,-0.975589,-0.92922,-0.948966,-0.788411,-0.96186,-0.965503,-1.0068,-0.66011,-0.893329,-0.891172,-0.94475,-0.961375,-0.887313,0.0,0.0,0.0,0.0,0.0,0.0,0.0,0.0,0.0,1.0,1.0,0.0,0.0,0.0
0.00526237,-0.054776,0.0,1.0,-0.780602,-0.97038,-0.923879,-0.943698,-0.793172,-0.956501,-0.965707,-1.00556,-0.636148,-0.897784,-0.889798,-0.943616,-0.959507,-0.879936,0.0,0.0,0.0,0.0,0.0,0.0,0.0,0.0,0.0,1.0,1.0,0.0,0.0,0.0
0.0113761,-0.0627851,0.0,1.0,-0.781737,-0.970876,-0.924988,-0.944469,-0.796273,-0.957162,-0.965716,-1.00562,-0.639967,-0.898487,-0.890559,-0.943993,-0.959885,-0.881462,0.0,0.0,0.0,0.0,0.0,0.0,0.0,0.0,0.0,1.0,1.0,0.0,0.0,0.0
-0.0915345,0.057557,0.0,1.0,-0.727948,-0.971342,-0.914137,-0.945491,-0.695276,-0.956302,-0.964152,-1.0066,-0.641068,-0.863601,-0.87539,-0.937233,-0.958793,-0.869463,0.0,0.0,0.0,0.0,0.0,0.0,0.0,0.0,0.0,1.0,1.0,0.0,0.0,0.0
-0.0641922,0.00544596,0.0,1.0,-0.767019,-0.966416,-0.915496,-0.939657,-0.759896,-0.951847,-0.965316,-1.00496,-0.616311,-0.888596,-0.883067,-0.940214,-0.957496,-0.869372,0.0,0.0,0.0,0.0,0.0,0.0,0.0,0.0,0.0,1.0,1.0,0.0,0.0,0.0
0.162803,-0.172835,0.0,1.0,-0.827532,-0.974698,-0.937692,-0.94464,-0.890199,-0.961264,-0.967346,-1.00599,-0.642137,-0.929635,-0.90539,-0.951182,-0.960768,-0.895023,0.0,0.0,0.0,0.0,0.0,0.0,0.0,0.0,0.0,1.0,1.0,0.0,0.0,0.0
0.0647688,-0.0901713,0.0,1.0,-0.794533,-0.972447,-0.928516,-0.944016,-0.823448,-0.958487,-0.966263,-1.00592,-0.637695,-0.907557,-0.894733,-0.946115,-0.959788,-0.884834,0.0,0.0,0.0,0.0,0.0,0.0,0.0,0.0,0.0,1.0,1.0,0.0,0.0,0.0
0.0378118,-0.073477,0.0,1.0,-0.78443,-0.972364,-0.926971,-0.945076,-0.804183,-0.958514,-0.965876,-1.00598,-0.642505,-0.900664,-0.892096,-0.944872,-0.960077,-0.883633,0.0,0.0,0.0,0.0,0.0,0.0,0.0,0.0,0.0,1.0,1.0,0.0,0.0,0.0
-0.0934409,0.0170382,0.0,1.0,-0.753183,-0.967317,-0.915175,-0.942742,-0.735459,-0.953189,-0.964735,-1.00519,-0.630832,-0.879075,-0.880355,-0.938987,-0.958629,-0.870337,0.0,0.0,0.0,0.0,0.0,0.0,0.0,0.0,0.0,1.0,1.0,0.0,0.0,0.0
-0.0881494,0.0417337,0.0,1.0,-0.729386,-0.971986,-0.916129,-0.947299,-0.699257,-0.957446,-0.964091,-1.00661,-0.650214,-0.864239,-0.876625,-0.937793,-0.95972,-0.872487,0.0,0.0,0.0,0.0,0.0,0.0,0.0,0.0,0.0,1.0,1.0,0.0,0.0,0.0
0.115763,-0.156041,0.0,1.0,-0.823379,-0.972009,-0.934352,-0.943666,-0.877264,-0.958885,-0.967067,-1.00533,-0.638236,-0.926125,-0.902861,-0.949699,-0.960508,-0.891439,0.0,0.0,0.0,0.0,0.0,0.0,0.0,0.0,0.0,1.0,1.0,0.0,0.0,0.0
-0.0748158,-1.75238e-05,0.0,1.0,-0.756077,-0.9686,-0.917671,-0.944214,-0.743387,-0.95471,-0.964805,-1.00539,-0.637995,-0.881027,-0.882148,-0.939908,-0.959324,-0.873591,0.0,0.0,0.0,0.0,0.0,0.0,0.0,0.0,0.0,1.0,1.0,0.0,0.0,0.0
0.00816298,-0.0689663,0.0,1.0,-0.790504,-0.968937,-0.9242,-0.942367,-0.809188,-0.955287,-0.965971,-1.00507,-0.630745,-0.903992,-0.891717,-0.944324,-0.959286,-0.880014,0.0,0.0,0.0,0.0,0.0,0.0,0.0,0.0,0.0,1.0,1.0,0.0,0.0,0.0
0.0770614,-0.14052,0.0,1.0,-0.809459,-0.972168,-0.933159,-0.946217,-0.851262,-0.959506,-0.966463,-1.00538,-0.650382,-0.916404,-0.899677,-0.948176,-0.961457,-0.891336,0.0,0.0,0.0,0.0,0.0,0.0,0.0,0.0,0.0,1.0,1.0,0.0,0.0,0.0
-0.0662088,0.018074,0.0,1.0,-0.760347,-0.967234,-0.914869,-0.940107,-0.748803,-0.952397,-0.965163,-1.00528,-0.617716,-0.884488,-0.881574,-0.939647,-0.957425,-0.868665,0.0,0.0,0.0,0.0,0.0,0.0,0.0,0.0,0.0,1.0,1.0,0.0,0.0,0.0
-0.0611633,-0.00958037,0.0,1.0,-0.76721,-0.96729,-0.91758,-0.941776,-0.761955,-0.953231,-0.965214,-1.00503,-0.62686,-0.888429,-0.884125,-0.940714,-0.958521,-0.872598,0.0,0.0,0.0,0.0,0.0,0.0,0.0,0.0,0.0,1.0,1.0,0.0,0.0,0.0
0.0833876,-0.135683,0.0,1.0,-0.809088,-0.972399,-0.932821,-0.945633,-0.850976,-0.959451,-0.966525,-1.00551,-0.647198,-0.916442,-0.89947,-0.948146,-0.961097,-0.89059,0.0,0.0,0.0,0.0,0.0,0.0,0.0,0.0,0.0,1.0,1.0,0.0,0.0,0.0
0.0720199,-0.109574,0.0,1.0,-0.801899,-0.972114,-0.930128,-0.944308,-0.836785,-0.958568,-0.966414,-1.00567,-0.639939,-0.912087,-0.896847,-0.946996,-0.960211,-0.886915,0.0,0.0,0.0,0.0,0.0,0.0,0.0,0.0,0.0,1.0,1.0,0.0,0.0,0.0
0.149362,-0.180049,0.0,1.0,-0.832075,-0.97318,-0.937365,-0.944146,-0.895945,-0.96014,-0.967378,-1.00549,-0.640734,-0.932087,-0.905987,-0.951247,-0.960854,-0.894808,0.0,0.0,0.0,0.0,0.0,0.0,0.0,0.0,0.0,1.0,1.0,0.0,0.0,0.0
0.0953463,-0.110167,0.0,1.0,-0.794883,-0.975188,-0.932295,-0.946776,-0.829328,-0.961431,-0.966281,-1.0065,-0.650568,-0.908077,-0.896742,-0.947287,-0.960895,-0.889816,0.0,0.0,0.0,0.0,0.0,0.0,0.0,0.0,0.0,1.0,1.0,0.0,0.0,0.0
0.142782,-0.173307,0.0,1.0,-0.830926,-0.972721,-0.936409,-0.943565,-0.892892,-0.959573,-0.967354,-1.00542,-0.637881,-0.931332,-0.905295,-0.950898,-0.960572,-0.893544,0.0,0.0,0.0,0.0,0.0,0.0,0.0,0.0,0.0,1.0,1.0,0.0,0.0,0.0
-0.053237,-0.012717,0.0,1.0,-0.773855,-0.966369,-0.917175,-0.939947,-0.772767,-0.952116,-0.965479,-1.0048,-0.618345,-0.892905,-0.885133,-0.941117,-0.95786,-0.871451,0.0,0.0,0.0,0.0,0.0,0.0,0.0,0.0,0.0,1.0,1.0,0.0,0.0,0.0
0.0770056,-0.104401,0.0,1.0,-0.800068,-0.972589,-0.929942,-0.944177,-0.834204,-0.958805,-0.966417,-1.00586,-0.638866,-0.911143,-0.89645,-0.946895,-0.960018,-0.886507,0.0,0.0,0.0,0.0,0.0,0.0,0.0,0.0,0.0,1.0,1.0,0.0,0.0,0.0
0.0128434,-0.0588208,0.0,1.0,-0.778172,-0.971603,-0.925122,-0.945113,-0.7909,-0.957805,-0.965626,-1.00585,-0.642651,-0.896288,-0.889999,-0.94382,-0.960024,-0.881746,0.0,0.0,0.0,0.0,0.0,0.0,0.0,0.0,0.0,1.0,1.0,0.0,0.0,0.0
0.0906026,-0.130855,0.0,1.0,-0.812134,-0.971886,-0.931939,-0.943879,-0.855736,-0.958548,-0.966719,-1.00546,-0.638585,-0.918739,-0.899607,-0.948216,-0.960312,-0.888826,0.0,0.0,0.0,0.0,0.0,0.0,0.0,0.0,0.0,1.0,1.0,0.0,0.0,0.0
0.0252545,-0.0339041,0.0,1.0,-0.779916,-0.970722,-0.921986,-0.940874,-0.792437,-0.955716,-0.965969,-1.00594,-0.621237,-0.898361,-0.888829,-0.943371,-0.957909,-0.876239,0.0,0.0,0.0,0.0,0.0,0.0,0.0,0.0,0.0,1.0,1.0,0.0,0.0,0.0
-0.162976,0.0748892,0.0,1.0,-0.738859,-0.963637,-0.90723,-0.9393,-0.701328,-0.948931,-0.964297,-1.00463,-0.6139,-0.869341,-0.873706,-0.935634,-0.956879,-0.860503,0.0,0.0,0.0,0.0,0.0,0.0,0.0,0.0,0.0,1.0,1.0,0.0,0.0,0.0
0.0540009,-0.0793555,0.0,1.0,-0.786046,-0.973251,-0.928102,-0.945361,-0.808913,-0.959293,-0.965978,-1.00619,-0.643625,-0.901991,-0.89299,-0.94539,-0.960151,-0.88483,0.0,0.0,0.0,0.0,0.0,0.0,0.0,0.0,0.0,1.0,1.0,0.0,0.0,0.0
0.0135374,-0.0755607,0.0,1.0,-0.796918,-0.968086,-0.924196,-0.941123,-0.819708,-0.954423,-0.966183,-1.00482,-0.625217,-0.908166,-0.89287,-0.944773,-0.958924,-0.879605,0.0,0.0,0.0,0.0,0.0,0.0,0.0,0.0,0.0,1.0,1.0,0.0,0.0,0.0
0.0407692,-0.0801008,0.0,1.0,-0.796221,-0.970112,-0.925966,-0.941995,-0.822212,-0.956155,-0.966274,-1.00537,-0.628593,-0.908295,-0.893706,-0.945406,-0.959082,-0.881523,0.0,0.0,0.0,0.0,0.0,0.0,0.0,0.0,0.0,1.0,1.0,0.0,0.0,0.0
-0.0322073,-0.02683,0.0,1.0,-0.768871,-0.969493,-0.920709,-0.943689,-0.769284,-0.955528,-0.965295,-1.00549,-0.63572,-0.889833,-0.886044,-0.941807,-0.959286,-0.87655,0.0,0.0,0.0,0.0,0.0,0.0,0.0,0.0,0.0,1.0,1.0,0.0,0.0,0.0
-0.0255502,-0.0610932,0.0,1.0,-0.781444,-0.968636,-0.923392,-0.944361,-0.791514,-0.955522,-0.965511,-1.00495,-0.640602,-0.897391,-0.889598,-0.943236,-0.960143,-0.880191,0.0,0.0,0.0,0.0,0.0,0.0,0.0,0.0,0.0,1.0,1.0,0.0,0.0,0.0
-0.137647,0.0500008,0.0,1.0,-0.7515,-0.96343,-0.909373,-0.938564,-0.724867,-0.948887,-0.964699,-1.00441,-0.611121,-0.877653,-0.877077,-0.937146,-0.956882,-0.86263,0.0,0.0,0.0,0.0,0.0,0.0,0.0,0.0,0.0,1.0,1.0,0.0,0.0,0.0
-0.0462023,0.0135902,0.0,1.0,-0.760779,-0.968559,-0.916162,-0.940592,-0.752119,-0.953524,-0.965255,-1.00563,-0.619543,-0.885172,-0.882351,-0.940168,-0.957508,-0.87003,0.0,0.0,0.0,0.0,0.0,0.0,0.0,0.0,0.0,1.0,1.0,0.0,0.0,0.0
-0.0424501,-0.0279865,0.0,1.0,-0.767265,-0.969307,-0.920741,-0.944418,-0.765915,-0.95561,-0.965168,-1.0054,-0.639492,-0.888491,-0.885738,-0.941608,-0.95966,-0.87701,0.0,0.0,0.0,0.0,0.0,0.0,0.0,0.0,0.0,1.0,1.0,0.0,0.0,0.0
0.14322,-0.139989,0.0,1.0,-0.814735,-0.974897,-0.934738,-0.944264,-0.866321,-0.960901,-0.967037,-1.0063,-0.639135,-0.921564,-0.901618,-0.949544,-0.96016,-0.891402,0.0,0.0,0.0,0.0,0.0,0.0,0.0,0.0,0.0,1.0,1.0,0.0,0.0,0.0
0.0486724,-0.0858371,0.0,1.0,-0.791248,-0.972032,-0.927878,-0.944527,-0.81646,-0.958279,-0.966086,-1.00581,-0.640337,-0.905101,-0.893783,-0.945603,-0.960029,-0.884478,0.0,0.0,0.0,0.0,0.0,0.0,0.0,0.0,0.0,1.0,1.0,0.0,0.0,0.0
0.0558934,-0.0633148,0.0,1.0,-0.779379,-0.974136,-0.927171,-0.945309,-0.797943,-0.959711,-0.965876,-1.00658,-0.642381,-0.89807,-0.891364,-0.944797,-0.959799,-0.8835,0.0,0.0,0.0,0.0,0.0,0.0,0.0,0.0,0.0,1.0,1.0,0.0,0.0,0.0
-0.00368249,-0.0414782,0.0,1.0,-0.776475,-0.970154,-0.922465,-0.943186,-0.784914,-0.956038,-0.965615,-1.00561,-0.633307,-0.895181,-0.888347,-0.942959,-0.959141,-0.878121,0.0,0.0,0.0,0.0,0.0,0.0,0.0,0.0,0.0,1.0,1.0,0.0,1.0,0.0
0.17217,-0.145752,0.0,1.0,-0.827345,-0.973979,-0.934479,-0.940751,-0.888389,-0.959359,-0.967619,-1.00613,-0.622311,-0.930418,-0.90383,-0.950566,-0.958763,-0.889562,0.0,0.0,0.0,0.0,0.0,0.0,0.0,0.0,0.0,1.0,1.0,0.0,0.0,0.0
0.00709105,-0.0638449,0.0,1.0,-0.793448,-0.967934,-0.922977,-0.940613,-0.812836,-0.954032,-0.966117,-1.00488,-0.622396,-0.906018,-0.89164,-0.944226,-0.958569,-0.877994,0.0,0.0,0.0,0.0,0.0,0.0,0.0,0.0,0.0,1.0,1.0,0.0,0.0,0.0
-0.0389041,0.00306284,0.0,1.0,-0.752108,-0.971541,-0.919316,-0.94509,-0.741407,-0.956998,-0.964887,-1.00628,-0.64065,-0.879423,-0.882375,-0.940404,-0.959256,-0.87512,0.0,0.0,0.0,0.0,0.0,0.0,0.0,0.0,0.0,1.0,1.0,0.0,0.0,0.0
-0.0660077,0.070147,0.0,1.0,-0.737704,-0.969984,-0.911787,-0.940288,-0.711069,-0.953762,-0.964763,-1.00649,-0.61549,-0.87095,-0.876068,-0.937586,-0.95646,-0.864491,0.0,0.0,0.0,0.0,0.0,0.0,0.0,0.0,0.0,1.0,1.0,0.0,0.0,0.0
0.0156703,-0.0658572,0.0,1.0,-0.776959,-0.972402,-0.926373,-0.94655,-0.790139,-0.958851,-0.965538,-1.00598,-0.649595,-0.895393,-0.890402,-0.944049,-0.96065,-0.883692,0.0,0.0,0.0,0.0,0.0,0.0,0.0,0.0,0.0,1.0,1.0,0.0,0.0,0.0
-0.00501204,-0.0279105,0.0,1.0,-0.761634,-0.972876,-0.923126,-0.9463,-0.761989,-0.958655,-0.965172,-1.00641,-0.646909,-0.885765,-0.886036,-0.94218,-0.959996,-0.879727,0.0,0.0,0.0,0.0,0.0,0.0,0.0,0.0,0.0,1.0,1.0,0.0,0.0,0.0
0.0483108,-0.0847642,0.0,1.0,-0.794108,-0.971289,-0.927236,-0.943391,-0.820454,-0.957428,-0.966199,-1.00564,-0.635048,-0.90699,-0.893976,-0.945634,-0.959605,-0.883366,0.0,0.0,0.0,0.0,0.0,0.0,0.0,0.0,0.0,1.0,1.0,0.0,0.0,0.0
-0.00531572,-0.0382401,0.0,1.0,-0.767428,-0.97201,-0.923507,-0.945817,-0.77133,-0.958035,-0.965298,-1.00609,-0.645302,-0.889296,-0.887246,-0.942616,-0.960031,-0.88015,0.0,0.0,0.0,0.0,0.0,0.0,0.0,0.0,0.0,1.0,1.0,0.0,0.0,0.0
0.0476723,-0.112557,0.0,1.0,-0.814792,-0.96778,-0.927401,-0.940347,-0.852976,-0.954446,-0.966728,-1.00449,-0.622668,-0.919831,-0.897716,-0.946931,-0.959074,-0.882953,0.0,0.0,0.0,0.0,0.0,0.0,0.0,0.0,0.0,1.0,1.0,0.0,0.0,0.0
0.119809,-0.148504,0.0,1.0,-0.803795,-0.97646,-0.936827,-0.949278,-0.848662,-0.963485,-0.966428,-1.00651,-0.663531,-0.913593,-0.900611,-0.949084,-0.962326,-0.895925,0.0,0.0,0.0,0.0,0.0,0.0,0.0,0.0,0.0,1.0,1.0,0.0,0.0,0.0
0.0828069,-0.109796,0.0,1.0,-0.807292,-0.971515,-0.929658,-0.942481,-0.845829,-0.957645,-0.966672,-1.00556,-0.631167,-0.915888,-0.897612,-0.947337,-0.959467,-0.885607,0.0,0.0,0.0,0.0,0.0,0.0,0.0,0.0,0.0,1.0,1.0,0.0,0.0,0.0
0.0728326,-0.102456,0.0,1.0,-0.803,-0.971557,-0.929025,-0.942893,-0.837788,-0.957698,-0.966519,-1.00561,-0.632972,-0.913004,-0.896509,-0.94683,-0.959558,-0.885084,0.0,0.0,0.0,0.0,0.0,0.0,0.0,0.0,0.0,1.0,1.0,0.0,0.0,0.0
0.00436711,-0.0795397,0.0,1.0,-0.792163,-0.968839,-0.92518,-0.943341,-0.812173,-0.955613,-0.965922,-1.00493,-0.635984,-0.90472,-0.892473,-0.9446,-0.959876,-0.881657,0.0,0.0,0.0,0.0,0.0,0.0,0.0,0.0,0.0,1.0,1.0,0.0,0.0,0.0
-0.0817418,0.020443,0.0,1.0,-0.747485,-0.969187,-0.916139,-0.944187,-0.728211,-0.954869,-0.964619,-1.00572,-0.636905,-0.875728,-0.879857,-0.938972,-0.958973,-0.871668,0.0,0.0,0.0,0.0,0.0,0.0,0.0,0.0,0.0,1.0,1.0,0.0,0.0,0.0
-0.076382,0.0187762,0.0,1.0,-0.751768,-0.968591,-0.91584,-0.942957,-0.735173,-0.95413,-0.964794,-1.00558,-0.631149,-0.878628,-0.88049,-0.939226,-0.958519,-0.870861,0.0,0.0,0.0,0.0,0.0,0.0,0.0,0.0,0.0,1.0,1.0,0.0,0.0,0.0
-0.0110018,-0.0574989,0.0,1.0,-0.781527,-0.969317,-0.923459,-0.943794,-0.792934,-0.955807,-0.965626,-1.00521,-0.637293,-0.897906,-0.889698,-0.943409,-0.95974,-0.879794,0.0,0.0,0.0,0.0,0.0,0.0,0.0,0.0,0.0,1.0,1.0,0.0,0.0,0.0
-0.00594902,-0.0651553,0.0,1.0,-0.787303,-0.968647,-0.923693,-0.942923,-0.802597,-0.955187,-0.965805,-1.00499,-0.63356,-0.901629,-0.890853,-0.943868,-0.959535,-0.879797,0.0,0.0,0.0,0.0,0.0,0.0,0.0,0.0,0.0,1.0,1.0,0.0,0.0,0.0
0.0207295,-0.153271,0.0,1.0,-0.825382,-0.965678,-0.929988,-0.942672,-0.869158,-0.954088,-0.966627,-1.00345,-0.636673,-0.925072,-0.90075,-0.947862,-0.960947,-0.887665,0.0,0.0,0.0,0.0,0.0,0.0,0.0,0.0,0.0,1.0,1.0,0.0,0.0,0.0
-0.0835141,-0.00762755,0.0,1.0,-0.748491,-0.970221,-0.919637,-0.947931,-0.732158,-0.95697,-0.964411,-1.00568,-0.655868,-0.875651,-0.881729,-0.939781,-0.960878,-0.877295,0.0,0.0,0.0,0.0,0.0,0.0,0.0,0.0,0.0,1.0,1.0,0.0,0.0,0.0
-0.20837,0.171875,0.0,1.0,-0.669629,-0.972322,-0.90432,-0.948958,-0.586729,-0.956549,-0.96229,-1.00759,-0.654256,-0.825244,-0.85987,-0.930274,-0.958815,-0.859754,0.0,0.0,0.0,0.0,0.0,0.0,0.0,0.0,0.0,1.0,1.0,0.0,0.0,0.0
-0.144979,0.097892,0.0,1.0,-0.716715,-0.968768,-0.908617,-0.943523,-0.669117,-0.953445,-0.963771,-1.00619,-0.63142,-0.855872,-0.870525,-0.934771,-0.957771,-0.862852,0.0,0.0,0.0,0.0,0.0,0.0,0.0,0.0,0.0,1.0,1.0,0.0,0.0,0.0
-0.146544,0.0796995,0.0,1.0,-0.728972,-0.966702,-0.908899,-0.941972,-0.688419,-0.951777,-0.964064,-1.00549,-0.625387,-0.863408,-0.872826,-0.935567,-0.957591,-0.862942,0.0,0.0,0.0,0.0,0.0,0.0,0.0,0.0,0.0,1.0,1.0,0.0,0.0,0.0
-0.0397314,-0.0258262,0.0,1.0,-0.768291,-0.969126,-0.920384,-0.943749,-0.767498,-0.955271,-0.965239,-1.00539,-0.636191,-0.889285,-0.885756,-0.941621,-0.959355,-0.87631,0.0,0.0,0.0,0.0,0.0,0.0,0.0,0.0,0.0,1.0,1.0,0.0,0.0,0.0
-0.0617499,-0.0218986,0.0,1.0,-0.771015,-0.966969,-0.918552,-0.942266,-0.768576,-0.953288,-0.965248,-1.00482,-0.629858,-0.890602,-0.885268,-0.941154,-0.958944,-0.874045,0.0,0.0,0.0,0.0,0.0,0.0,0.0,0.0,0.0,1.0,1.0,0.0,0.0,0.0
0.105646,-0.138142,0.0,1.0,-0.812474,-0.97307,-0.93343,-0.944808,-0.858626,-0.959732,-0.966756,-1.00573,-0.642793,-0.919168,-0.900446,-0.948722,-0.960653,-0.890682,0.0,0.0,0.0,0.0,0.0,0.0,0.0,0.0,0.0,1.0,1.0,0.0,0.0,0.0
0.0808278,-0.0972571,0.0,1.0,-0.791091,-0.974566,-0.930661,-0.946211,-0.820961,-0.960677,-0.966167,-1.00643,-0.647694,-0.90554,-0.895224,-0.946543,-0.960568,-0.88783,0.0,0.0,0.0,0.0,0.0,0.0,0.0,0.0,0.0,1.0,1.0,0.0,0.0,0.0
-0.0731135,0.0160773,0.0,1.0,-0.763094,-0.966274,-0.914403,-0.939464,-0.752188,-0.951564,-0.965209,-1.005,-0.615096,-0.88606,-0.881809,-0.93964,-0.957297,-0.868065,0.0,0.0,0.0,0.0,0.0,0.0,0.0,0.0,0.0,1.0,1.0,0.0,0.0,0.0
-0.0420133,-0.00860441,0.0,1.0,-0.759651,-0.970163,-0.919469,-0.944206,-0.753088,-0.955922,-0.965051,-1.00581,-0.637363,-0.883995,-0.883774,-0.940867,-0.959198,-0.875217,0.0,0.0,0.0,0.0,0.0,0.0,0.0,0.0,0.0,1.0,1.0,0.0,0.0,0.0
0.0884781,-0.120102,0.0,1.0,-0.800137,-0.974034,-0.932462,-0.946428,-0.837105,-0.960638,-0.966353,-1.00609,-0.649779,-0.911095,-0.897729,-0.947573,-0.961028,-0.890142,0.0,0.0,0.0,0.0,0.0,0.0,0.0,0.0,0.0,1.0,1.0,0.0,0.0,0.0
-0.0635256,-0.0031544,0.0,1.0,-0.763883,-0.96761,-0.917199,-0.941984,-0.756258,-0.953436,-0.965131,-1.00516,-0.627519,-0.886348,-0.883341,-0.940402,-0.95849,-0.872181,0.0,0.0,0.0,0.0,0.0,0.0,0.0,0.0,0.0,1.0,1.0,0.0,0.0,0.0
-0.0746853,0.0412101,0.0,1.0,-0.749951,-0.968018,-0.913227,-0.940311,-0.730584,-0.952727,-0.964924,-1.00568,-0.617584,-0.878034,-0.878904,-0.93856,-0.957117,-0.866681,0.0,0.0,0.0,0.0,0.0,0.0,0.0,0.0,0.0,1.0,1.0,0.0,0.0,0.0
0.0448524,-0.0848033,0.0,1.0,-0.796958,-0.970417,-0.926624,-0.942423,-0.82419,-0.956545,-0.966285,-1.00541,-0.630705,-0.908766,-0.894171,-0.945638,-0.959292,-0.88241,0.0,0.0,0.0,0.0,0.0,0.0,0.0,0.0,0.0,1.0,1.0,0.0,0.0,0.0
-0.0615803,-0.0118643,0.0,1.0,-0.776616,-0.965179,-0.916272,-0.938884,-0.775737,-0.950971,-0.965541,-1.00448,-0.613678,-0.89452,-0.885153,-0.941,-0.957539,-0.8702,0.0,0.0,0.0,0.0,0.0,0.0,0.0,0.0,0.0,1.0,1.0,0.0,0.0,0.0
-0.0767349,0.015229,0.0,1.0,-0.746617,-0.969947,-0.917173,-0.945239,-0.72802,-0.95576,-0.964572,-1.00587,-0.641891,-0.87516,-0.880224,-0.939198,-0.959406,-0.87318,0.0,0.0,0.0,0.0,0.0,0.0,0.0,0.0,0.0,1.0,1.0,0.0,0.0,0.0
0.116574,-0.116664,0.0,1.0,-0.79465,-0.976841,-0.934016,-0.94778,-0.832011,-0.962957,-0.966338,-1.00692,-0.654869,-0.908307,-0.897614,-0.947873,-0.961192,-0.891846,0.0,0.0,0.0,0.0,0.0,0.0,0.0,0.0,0.0,1.0,1.0,0.0,0.0,0.0
0.0231814,-0.0691035,0.0,1.0,-0.782645,-0.971685,-0.926129,-0.945066,-0.799527,-0.957976,-0.965764,-1.0058,-0.642692,-0.899228,-0.891318,-0.944424,-0.960118,-0.88285,0.0,0.0,0.0,0.0,0.0,0.0,0.0,0.0,0.0,1.0,1.0,0.0,0.0,0.0
-0.168412,0.111105,0.0,1.0,-0.725678,-0.964614,-0.904436,-0.938551,-0.678169,-0.948976,-0.964081,-1.00522,-0.608507,-0.861464,-0.869995,-0.934157,-0.955945,-0.856664,0.0,0.0,0.0,0.0,0.0,0.0,0.0,0.0,0.0,1.0,1.0,0.0,0.0,0.0
-0.0381484,-0.00868505,0.0,1.0,-0.763429,-0.969517,-0.918988,-0.942918,-0.759,-0.955112,-0.965212,-1.00567,-0.631304,-0.886565,-0.884223,-0.941034,-0.958706,-0.874185,0.0,0.0,0.0,0.0,0.0,0.0,0.0,0.0,0.0,1.0,1.0,0.0,0.0,0.0
-0.0317986,-0.0166785,0.0,1.0,-0.758966,-0.971334,-0.921054,-0.945606,-0.754025,-0.957234,-0.965016,-1.00605,-0.643949,-0.883609,-0.884459,-0.94128,-0.959766,-0.877424,0.0,0.0,0.0,0.0,0.0,0.0,0.0,0.0,0.0,1.0,1.0,0.0,0.0,0.0
-0.0386832,0.00885618,0.0,1.0,-0.761782,-0.96901,-0.916912,-0.94093,-0.754874,-0.953994,-0.965295,-1.00572,-0.621126,-0.885905,-0.88292,-0.940473,-0.957655,-0.870936,0.0,0.0,0.0,0.0,0.0,0.0,0.0,0.0,0.0,1.0,1.0,0.0,0.0,0.0
-0.0691503,-0.0134865,0.0,1.0,-0.765412,-0.96742,-0.918098,-0.942969,-0.758826,-0.953698,-0.96507,-1.00499,-0.632856,-0.886952,-0.884029,-0.940633,-0.959095,-0.873763,0.0,0.0,0.0,0.0,0.0,0.0,0.0,0.0,0.0,1.0,1.0,0.0,0.0,0.0
-0.0649314,0.00836456,0.0,1.0,-0.743413,-0.971743,-0.919084,-0.947325,-0.725377,-0.957689,-0.964462,-1.00629,-0.651513,-0.873196,-0.880629,-0.939545,-0.960181,-0.875941,0.0,0.0,0.0,0.0,0.0,0.0,0.0,0.0,0.0,1.0,1.0,0.0,0.0,0.0
0.108102,-0.130551,0.0,1.0,-0.807402,-0.974031,-0.933375,-0.945439,-0.850837,-0.960493,-0.966646,-1.00606,-0.645175,-0.916097,-0.89953,-0.948425,-0.960706,-0.890681,0.0,0.0,0.0,0.0,0.0,0.0,0.0,0.0,0.0,1.0,1.0,0.0,0.0,0.0
-0.00870776,-0.0549505,0.0,1.0,-0.796025,-0.965943,-0.920748,-0.938451,-0.813926,-0.95192,-0.966197,-1.00442,-0.612435,-0.907519,-0.890956,-0.943728,-0.957763,-0.874884,0.0,0.0,0.0,0.0,0.0,0.0,0.0,0.0,0.0,1.0,1.0,0.0,0.0,0.0
-0.0400941,0.000968456,0.0,1.0,-0.749902,-0.972087,-0.919923,-0.946152,-0.738281,-0.957702,-0.964781,-1.00639,-0.645711,-0.877897,-0.882275,-0.940389,-0.959687,-0.876208,0.0,0.0,0.0,0.0,0.0,0.0,0.0,0.0,0.0,1.0,1.0,0.0,0.0,0.0
0.0638725,-0.112337,0.0,1.0,-0.800049,-0.97219,-0.930497,-0.945353,-0.833454,-0.958941,-0.966276,-1.00563,-0.645188,-0.910599,-0.896669,-0.946877,-0.960711,-0.887848,0.0,0.0,0.0,0.0,0.0,0.0,0.0,0.0,0.0,1.0,1.0,0.0,0.0,0.0
0.0565445,-0.0957324,0.0,1.0,-0.789946,-0.973295,-0.929719,-0.946406,-0.816414,-0.95981,-0.966,-1.00604,-0.649316,-0.904206,-0.894476,-0.94601,-0.960824,-0.887198,0.0,0.0,0.0,0.0,0.0,0.0,0.0,0.0,0.0,1.0,1.0,0.0,0.0,0.0
-0.0795882,-0.000814438,0.0,1.0,-0.753683,-0.96891,-0.918,-0.945156,-0.73946,-0.955198,-0.964683,-1.00544,-0.642542,-0.879318,-0.881867,-0.939782,-0.959719,-0.874364,0.0,0.0,0.0,0.0,0.0,0.0,0.0,0.0,0.0,1.0,1.0,0.0,0.0,0.0
0.0149519,-0.0430647,0.0,1.0,-0.764428,-0.974169,-0.925438,-0.947528,-0.769741,-0.960094,-0.965261,-1.00665,-0.652792,-0.887732,-0.887726,-0.943069,-0.960556,-0.882644,0.0,0.0,0.0,0.0,0.0,0.0,0.0,0.0,0.0,1.0,1.0,0.0,0.0,0.0
-0.0547526,-0.01961,0.0,1.0,-0.767395,-0.968125,-0.919131,-0.943167,-0.763909,-0.954326,-0.965173,-1.00515,-0.633643,-0.888467,-0.884934,-0.941133,-0.959158,-0.874852,0.0,0.0,0.0,0.0,0.0,0.0,0.0,0.0,0.0,1.0,1.0,0.0,0.0,0.0
-0.060062,0.0229738,0.0,1.0,-0.735356,-0.973203,-0.918694,-0.947955,-0.712868,-0.958719,-0.964314,-1.00681,-0.653399,-0.868405,-0.87903,-0.939018,-0.960074,-0.875421,0.0,0.0,0.0,0.0,0.0,0.0,0.0,0.0,0.0,1.0,1.0,0.0,0.0,0.0
0.0452263,-0.0903273,0.0,1.0,-0.7934,-0.971541,-0.927978,-0.944447,-0.819615,-0.957964,-0.966109,-1.00563,-0.640345,-0.906311,-0.8942,-0.945721,-0.960119,-0.884684,0.0,0.0,0.0,0.0,0.0,0.0,0.0,0.0,0.0,1.0,1.0,0.0,0.0,0.0
0.0470134,-0.0830928,0.0,1.0,-0.783342,-0.973644,-0.92879,-0.946839,-0.804571,-0.960022,-0.965807,-1.00622,-0.650891,-0.89995,-0.89282,-0.945301,-0.960814,-0.886263,0.0,0.0,0.0,0.0,0.0,0.0,0.0,0.0,0.0,1.0,1.0,0.0,0.0,0.0
0.050577,-0.0866388,0.0,1.0,-0.784047,-0.973868,-0.929279,-0.94711,-0.806333,-0.960298,-0.965824,-1.00626,-0.652229,-0.900416,-0.893196,-0.945489,-0.960949,-0.8869,0.0,0.0,0.0,0.0,0.0,0.0,0.0,0.0,0.0,1.0,1.0,0.0,1.0,0.0
0.0915799,-0.114411,0.0,1.0,-0.801786,-0.973556,-0.931544,-0.945031,-0.839296,-0.959848,-0.96648,-1.00605,-0.642901,-0.912395,-0.897586,-0.947505,-0.96039,-0.88851,0.0,0.0,0.0,0.0,0.0,0.0,0.0,0.0,0.0,1.0,1.0,0.0,0.0,0.0
-0.0083164,-0.0706317,0.0,1.0,-0.786649,-0.968926,-0.924442,-0.943947,-0.801908,-0.955731,-0.965721,-1.00499,-0.63868,-0.901005,-0.891092,-0.943967,-0.96003,-0.8811,0.0,0.0,0.0,0.0,0.0,0.0,0.0,0.0,0.0,1.0,1.0,0.0,0.0,0.0
0.0277121,-0.0849756,0.0,1.0,-0.782558,-0.972757,-0.928431,-0.947402,-0.801435,-0.959569,-0.965653,-1.00592,-0.65424,-0.898896,-0.892437,-0.94497,-0.961224,-0.886382,0.0,0.0,0.0,0.0,0.0,0.0,0.0,0.0,0.0,1.0,1.0,0.0,0.0,0.0
0.0758319,-0.113449,0.0,1.0,-0.806136,-0.971544,-0.930072,-0.943416,-0.843718,-0.957966,-0.96656,-1.0055,-0.635926,-0.914863,-0.897584,-0.947283,-0.959935,-0.88655,0.0,0.0,0.0,0.0,0.0,0.0,0.0,0.0,0.0,1.0,1.0,0.0,0.0,0.0
0.00798178,-0.0636185,0.0,1.0,-0.78738,-0.969394,-0.924011,-0.942659,-0.804135,-0.955625,-0.965899,-1.00524,-0.631786,-0.902074,-0.891071,-0.944089,-0.959287,-0.879824,0.0,0.0,0.0,0.0,0.0,0.0,0.0,0.0,0.0,1.0,1.0,0.0,0.0,0.0
0.0305624,-0.0721941,0.0,1.0,-0.781268,-0.972603,-0.927058,-0.94598,-0.798665,-0.958915,-0.965729,-1.00602,-0.646842,-0.89844,-0.891552,-0.944621,-0.960439,-0.884129,0.0,0.0,0.0,0.0,0.0,0.0,0.0,0.0,0.0,1.0,1.0,0.0,0.0,0.0
0.0718702,-0.0922977,0.0,1.0,-0.793209,-0.973289,-0.929297,-0.944772,-0.822538,-0.959316,-0.966236,-1.00614,-0.641069,-0.906819,-0.894904,-0.946279,-0.960037,-0.885884,0.0,0.0,0.0,0.0,0.0,0.0,0.0,0.0,0.0,1.0,1.0,0.0,0.0,0.0
0.0782431,-0.114598,0.0,1.0,-0.797429,-0.97378,-0.931795,-0.946566,-0.831503,-0.960428,-0.966241,-1.00605,-0.650431,-0.909196,-0.896888,-0.947152,-0.96106,-0.889519,0.0,0.0,0.0,0.0,0.0,0.0,0.0,0.0,0.0,1.0,1.0,0.0,0.0,0.0
0.0698215,-0.0771209,0.0,1.0,-0.79077,-0.972991,-0.927612,-0.9434,-0.817323,-0.958545,-0.966261,-1.00621,-0.633925,-0.905544,-0.893646,-0.945739,-0.959266,-0.883339,0.0,0.0,0.0,0.0,0.0,0.0,0.0,0.0,0.0,1.0,1.0,0.0,0.0,0.0
0.0657384,-0.085072,0.0,1.0,-0.791484,-0.972968,-0.928392,-0.944318,-0.818656,-0.958876,-0.966198,-1.00611,-0.638756,-0.905711,-0.894137,-0.945911,-0.959786,-0.884705,0.0,0.0,0.0,0.0,0.0,0.0,0.0,0.0,0.0,1.0,1.0,0.0,0.0,0.0
-0.0305045,-0.0547502,0.0,1.0,-0.779174,-0.968557,-0.922743,-0.94422,-0.787062,-0.95535,-0.965452,-1.00498,-0.639749,-0.895935,-0.888863,-0.942902,-0.960012,-0.879399,0.0,0.0,0.0,0.0,0.0,0.0,0.0,0.0,0.0,1.0,1.0,0.0,0.0,0.0
0.142322,-0.172516,0.0,1.0,-0.826492,-0.97369,-0.937038,-0.94497,-0.88635,-0.960636,-0.967194,-1.00567,-0.644328,-0.928438,-0.904814,-0.950759,-0.961062,-0.894718,0.0,0.0,0.0,0.0,0.0,0.0,0.0,0.0,0.0,1.0,1.0,0.0,0.0,0.0
-0.0468239,0.00165188,0.0,1.0,-0.751758,-0.971214,-0.919258,-0.945423,-0.740141,-0.956875,-0.964817,-1.00616,-0.642535,-0.878957,-0.882256,-0.940286,-0.959473,-0.875313,0.0,0.0,0.0,0.0,0.0,0.0,0.0,0.0,0.0,1.0,1.0,0.0,0.0,0.0
0.140076,-0.145569,0.0,1.0,-0.812598,-0.97548,-0.935722,-0.945812,-0.863409,-0.961807,-0.966893,-1.00638,-0.646704,-0.919948,-0.901707,-0.949596,-0.960851,-0.893159,0.0,0.0,0.0,0.0,0.0,0.0,0.0,0.0,0.0,1.0,1.0,0.0,0.0,0.0
-0.0222455,-0.0451278,0.0,1.0,-0.779055,-0.968611,-0.921799,-0.942851,-0.786901,-0.954896,-0.965575,-1.00513,-0.632599,-0.896305,-0.888413,-0.942775,-0.95926,-0.877608,0.0,0.0,0.0,0.0,0.0,0.0,0.0,0.0,0.0,1.0,1.0,0.0,0.0,0.0
-0.153472,0.0760895,0.0,1.0,-0.731369,-0.965901,-0.908707,-0.941683,-0.691449,-0.951174,-0.964083,-1.00523,-0.624498,-0.864711,-0.873132,-0.935599,-0.957621,-0.862792,0.0,0.0,0.0,0.0,0.0,0.0,0.0,0.0,0.0,1.0,1.0,0.0,0.0,0.0
0.0139234,-0.0613661,0.0,1.0,-0.781378,-0.971044,-0.924958,-0.944383,-0.795905,-0.95724,-0.965729,-1.00569,-0.639401,-0.898352,-0.890491,-0.943992,-0.959804,-0.881338,0.0,0.0,0.0,0.0,0.0,0.0,0.0,0.0,0.0,1.0,1.0,0.0,0.0,0.0
-0.00513595,-0.0477592,0.0,1.0,-0.773875,-0.970981,-0.923687,-0.944993,-0.78159,-0.957196,-0.965458,-1.00574,-0.642055,-0.893287,-0.888475,-0.943052,-0.959923,-0.880215,0.0,0.0,0.0,0.0,0.0,0.0,0.0,0.0,0.0,1.0,1.0,0.0,0.0,0.0
-0.083526,0.00959849,0.0,1.0,-0.754191,-0.968044,-0.916376,-0.94347,-0.738751,-0.953995,-0.964766,-1.00532,-0.634291,-0.879805,-0.881153,-0.939416,-0.958947,-0.871883,0.0,0.0,0.0,0.0,0.0,0.0,0.0,0.0,0.0,1.0,1.0,0.0,0.0,0.0
0.0957644,-0.0921084,0.0,1.0,-0.79887,-0.973397,-0.929231,-0.94278,-0.83341,-0.958846,-0.966582,-1.00625,-0.631074,-0.911141,-0.895961,-0.946864,-0.959109,-0.884761,0.0,0.0,0.0,0.0,0.0,0.0,0.0,0.0,0.0,1.0,1.0,0.0,0.0,0.0
0.0101955,-0.0619123,0.0,1.0,-0.781427,-0.970835,-0.924879,-0.944449,-0.795607,-0.957116,-0.965706,-1.00562,-0.639864,-0.898275,-0.890447,-0.943938,-0.959872,-0.881339,0.0,0.0,0.0,0.0,0.0,0.0,0.0,0.0,0.0,1.0,1.0,0.0,0.0,0.0
-0.0989546,0.0319346,0.0,1.0,-0.755498,-0.965714,-0.912587,-0.939785,-0.736757,-0.951061,-0.964915,-1.00493,-0.616513,-0.880816,-0.879488,-0.938504,-0.957329,-0.866306,0.0,0.0,0.0,0.0,0.0,0.0,0.0,0.0,0.0,1.0,1.0,0.0,0.0,0.0
0.105049,-0.124924,0.0,1.0,-0.820984,-0.970398,-0.930204,-0.939967,-0.869604,-0.95635,-0.967178,-1.00521,-0.619721,-0.925049,-0.900382,-0.948531,-0.95867,-0.88525,0.0,0.0,0.0,0.0,0.0,0.0,0.0,0.0,0.0,1.0,1.0,0.0,0.0,0.0
-0.0892113,0.0378437,0.0,1.0,-0.736935,-0.970349,-0.915325,-0.945278,-0.710433,-0.955779,-0.964332,-1.00616,-0.641163,-0.869059,-0.877567,-0.938069,-0.959085,-0.870981,0.0,0.0,0.0,0.0,0.0,0.0,0.0,0.0,0.0,1.0,1.0,0.0,1.0,0.0
0.0713792,-0.094719,0.0,1.0,-0.791995,-0.973661,-0.929807,-0.945541,-0.820959,-0.959821,-0.966168,-1.0062,-0.644772,-0.905953,-0.894935,-0.946311,-0.960363,-0.886757,0.0,0.0,0.0,0.0,0.0,0.0,0.0,0.0,0.0,1.0,1.0,0.0,0.0,0.0
-0.0272296,-0.0313591,0.0,1.0,-0.775607,-0.968441,-0.92036,-0.942034,-0.780027,-0.954384,-0.965534,-1.00521,-0.628191,-0.894259,-0.887085,-0.942196,-0.958741,-0.875593,0.0,0.0,0.0,0.0,0.0,0.0,0.0,0.0,0.0,1.0,1.0,0.0,0.0,0.0
-0.0243954,-0.0213659,0.0,1.0,-0.773736,-0.968559,-0.919456,-0.941218,-0.776682,-0.954123,-0.965565,-1.00535,-0.623747,-0.893352,-0.886325,-0.941914,-0.958227,-0.874111,0.0,0.0,0.0,0.0,0.0,0.0,0.0,0.0,0.0,1.0,1.0,0.0,0.0,0.0
-0.00464976,-0.0610894,0.0,1.0,-0.785126,-0.969035,-0.923571,-0.943077,-0.799204,-0.955454,-0.965765,-1.00513,-0.633984,-0.900337,-0.890413,-0.943721,-0.959498,-0.879631,0.0,0.0,0.0,0.0,0.0,0.0,0.0,0.0,0.0,1.0,1.0,0.0,0.0,0.0
-0.0797794,0.0191783,0.0,1.0,-0.746322,-0.969639,-0.91658,-0.944768,-0.72687,-0.955365,-0.964577,-1.00583,-0.639592,-0.874986,-0.879873,-0.939018,-0.959188,-0.872347,0.0,0.0,0.0,0.0,0.0,0.0,0.0,0.0,0.0,1.0,1.0,0.0,0.0,0.0
-0.0637022,0.0206987,0.0,1.0,-0.74697,-0.970382,-0.916886,-0.944308,-0.72948,-0.955747,-0.964704,-1.00609,-0.636844,-0.875859,-0.880195,-0.939295,-0.95885,-0.87226,0.0,0.0,0.0,0.0,0.0,0.0,0.0,0.0,0.0,1.0,1.0,0.0,0.0,0.0
-0.0868499,0.0241296,1.0,0.0,-0.738347,-0.970833,-0.917002,-0.946788,-0.714058,-0.956704,-0.964283,-1.00615,-0.64885,-0.869706,-0.87864,-0.938547,-0.959873,-0.873536,0.0,0.0,0.0,0.0,0.0,0.0,0.0,0.0,0.0,0.0,0.0,0.0,0.0,0.0
-0.0150948,-0.0154725,1.0,0.0,-0.759598,-0.972134,-0.921428,-0.945197,-0.756712,-0.957675,-0.965144,-1.00632,-0.641433,-0.88448,-0.884814,-0.941577,-0.959447,-0.877426,0.0,0.0,0.0,0.0,0.0,0.0,0.0,0.0,0.0,0.0,0.0,0.0,0.0,0.0
-0.0355154,-0.0264792,1.0,0.0,-0.766806,-0.969759,-0.920885,-0.944349,-0.765889,-0.955893,-0.965203,-1.00555,-0.638854,-0.888405,-0.885752,-0.941684,-0.959544,-0.877017,0.0,0.0,0.0,0.0,0.0,0.0,0.0,0.0,0.0,0.0,0.0,0.0,0.0,0.0
0.0212474,-0.0497418,1.0,0.0,-0.769981,-0.973578,-0.925626,-0.94659,-0.779129,-0.9595,-0.965446,-1.00646,-0.648649,-0.891365,-0.888824,-0.943517,-0.960297,-0.88254,0.0,0.0,0.0,0.0,0.0,0.0,0.0,0.0,0.0,0.0,0.0,0.0,0.0,0.0
-0.0570865,0.0141938,1.0,0.0,-0.749467,-0.970516,-0.917583,-0.944393,-0.734464,-0.955945,-0.96478,-1.00608,-0.637393,-0.877503,-0.880999,-0.939671,-0.95895,-0.873062,0.0,0.0,0.0,0.0,0.0,0.0,0.0,0.0,0.0,0.0,0.0,0.0,0.0,0.0
-0.0351226,-0.0257952,1.0,0.0,-0.769129,-0.969206,-0.920415,-0.943453,-0.769229,-0.955247,-0.965297,-1.00542,-0.634668,-0.889953,-0.885936,-0.941728,-0.959207,-0.876172,0.0,0.0,0.0,0.0,0.0,0.0,0.0,0.0,0.0,0.0,0.0,0.0,0.0,0.0
-0.179512,0.147684,1.0,0.0,-0.713438,-0.965012,-0.901217,-0.937432,-0.655697,-0.948506,-0.963872,-1.00565,-0.601579,-0.854067,-0.866223,-0.932585,-0.954923,-0.852308,0.0,0.0,0.0,0.0,0.0,0.0,0.0,0.0,0.0,0.0,0.0,0.0,0.0,0.0
-0.072433,0.0215987,1.0,0.0,-0.737603,-0.972,-0.91802,-0.947397,-0.714853,-0.957729,-0.964316,-1.00646,-0.651323,-0.869526,-0.879055,-0.938877,-0.960012,-0.874693,0.0,0.0,0.0,0.0,0.0,0.0,0.0,0.0,0.0,0.0,0.0,0.0,0.0,0.0
-0.124037,0.0752103,1.0,0.0,-0.721619,-0.969996,-0.91161,-0.945124,-0.680753,-0.955031,-0.963881,-1.00633,-0.639425,-0.85906,-0.872923,-0.935948,-0.958603,-0.866754,0.0,0.0,0.0,0.0,0.0,0.0,0.0,0.0,0.0,0.0,0.0,0.0,0.0,0.0
-0.0426531,-0.0255498,1.0,0.0,-0.77273,-0.967899,-0.919482,-0.94219,-0.773564,-0.953971,-0.965389,-1.00508,-0.629086,-0.892123,-0.886093,-0.941665,-0.958819,-0.874816,0.0,0.0,0.0,0.0,0.0,0.0,0.0,0.0,0.0,0.0,0.0,0.0,0.0,0.0
-0.0126838,-0.0156982,1.0,0.0,-0.761401,-0.971869,-0.921245,-0.944609,-0.759615,-0.957329,-0.965222,-1.00626,-0.638656,-0.885717,-0.885053,-0.941673,-0.959221,-0.876988,0.0,0.0,0.0,0.0,0.0,0.0,0.0,0.0,0.0,0.0,0.0,0.0,0.0,0.0
0.0700217,-0.11413,1.0,0.0,-0.818305,-0.968384,-0.927874,-0.93935,-0.860734,-0.95462,-0.966971,-1.0047,-0.617414,-0.922663,-0.898649,-0.947486,-0.958549,-0.88282,0.0,0.0,0.0,0.0,0.0,0.0,0.0,0.0,0.0,0.0,0.0,0.0,0.0,0.0
0.0949118,-0.117075,1.0,0.0,-0.79721,-0.974957,-0.932803,-0.946984,-0.833308,-0.961408,-0.966307,-1.00637,-0.651949,-0.909419,-0.8974,-0.947536,-0.961109,-0.890565,0.0,0.0,0.0,0.0,0.0,0.0,0.0,0.0,0.0,0.0,0.0,0.0,0.0,0.0
0.109259,-0.105189,1.0,0.0,-0.802028,-0.974113,-0.930955,-0.943588,-0.84076,-0.959735,-0.966666,-1.00634,-0.635115,-0.913233,-0.897407,-0.947578,-0.959535,-0.886949,0.0,0.0,0.0,0.0,0.0,0.0,0.0,0.0,0.0,0.0,0.0,0.0,0.0,0.0
0.0854974,-0.117323,1.0,0.0,-0.801774,-0.973335,-0.9317,-0.945466,-0.838871,-0.959845,-0.96642,-1.00594,-0.645278,-0.912159,-0.897637,-0.947474,-0.960656,-0.888969,0.0,0.0,0.0,0.0,0.0,0.0,0.0,0.0,0.0,0.0,0.0,0.0,0.0,0.0
-0.0541792,0.0285194,1.0,0.0,-0.743896,-0.971291,-0.916733,-0.944214,-0.725357,-0.956271,-0.96471,-1.00643,-0.635633,-0.874282,-0.87961,-0.939174,-0.958577,-0.87179,0.0,0.0,0.0,0.0,0.0,0.0,0.0,0.0,0.0,0.0,0.0,0.0,0.0,0.0
-0.0155425,-0.0370075,1.0,0.0,-0.774847,-0.9696,-0.92169,-0.943105,-0.78079,-0.955568,-0.965525,-1.00548,-0.633069,-0.893921,-0.887639,-0.942564,-0.95913,-0.877345,0.0,0.0,0.0,0.0,0.0,0.0,0.0,0.0,0.0,0.0,0.0,0.0,0.0,0.0
0.00308514,-0.0678878,1.0,0.0,-0.785303,-0.969793,-0.924743,-0.943998,-0.800986,-0.956327,-0.965759,-1.00527,-0.638371,-0.900484,-0.891042,-0.944071,-0.959892,-0.881235,0.0,0.0,0.0,0.0,0.0,0.0,0.0,0.0,0.0,0.0,0.0,0.0,0.0,0.0
-0.0157771,-0.0147423,1.0,0.0,-0.76916,-0.969823,-0.919682,-0.941813,-0.7704,-0.955101,-0.9655,-1.00576,-0.625816,-0.89074,-0.885656,-0.941774,-0.958232,-0.874331,0.0,0.0,0.0,0.0,0.0,0.0,0.0,0.0,0.0,0.0,0.0,0.0,0.0,0.0
-0.0338498,-0.0552647,1.0,0.0,-0.792349,-0.965302,-0.920447,-0.939782,-0.805796,-0.951833,-0.965916,-1.00417,-0.619432,-0.904461,-0.890067,-0.943171,-0.958468,-0.875393,0.0,0.0,0.0,0.0,0.0,0.0,0.0,0.0,0.0,0.0,0.0,0.0,0.0,0.0
0.0446295,-0.0623096,1.0,0.0,-0.778043,-0.97372,-0.926831,-0.945632,-0.79464,-0.959492,-0.965772,-1.00645,-0.644189,-0.896931,-0.890921,-0.944522,-0.959995,-0.883389,0.0,0.0,0.0,0.0,0.0,0.0,0.0,0.0,0.0,0.0,0.0,0.0,0.0,0.0
0.0956695,-0.170509,1.0,0.0,-0.830217,-0.96991,-0.934345,-0.943448,-0.886275,-0.957513,-0.967085,-1.00459,-0.638755,-0.929731,-0.903996,-0.949905,-0.960896,-0.89189,0.0,0.0,0.0,0.0,0.0,0.0,0.0,0.0,0.0,0.0,0.0,0.0,0.0,0.0
-0.126351,0.0640519,1.0,0.0,-0.721386,-0.970458,-0.913046,-0.94683,-0.681225,-0.955962,-0.963766,-1.00632,-0.648025,-0.858574,-0.873572,-0.936224,-0.959453,-0.869141,0.0,0.0,0.0,0.0,0.0,0.0,0.0,0.0,0.0,0.0,0.0,0.0,0.0,0.0
0.124915,-0.151816,1.0,0.0,-0.817866,-0.973642,-0.935077,-0.944931,-0.869917,-0.960338,-0.96695,-1.0058,-0.643517,-0.922854,-0.902271,-0.949617,-0.960795,-0.892471,0.0,0.0,0.0,0.0,0.0,0.0,0.0,0.0,0.0,0.0,0.0,0.0,0.0,0.0
-0.0631062,-0.000457883,1.0,0.0,-0.76606,-0.966995,-0.916486,-0.940844,-0.759196,-0.952655,-0.965237,-1.00504,-0.622095,-0.887851,-0.883382,-0.940384,-0.958026,-0.870953,0.0,0.0,0.0,0.0,0.0,0.0,0.0,0.0,0.0,0.0,0.0,0.0,0.0,0.0
-0.0591184,0.00739634,1.0,0.0,-0.741023,-0.9727,-0.919842,-0.948279,-0.722669,-0.95864,-0.964399,-1.00653,-0.655775,-0.871756,-0.880595,-0.939626,-0.960488,-0.877035,0.0,0.0,0.0,0.0,0.0,0.0,0.0,0.0,0.0,0.0,0.0,0.0,0.0,0.0
-0.038992,0.00634587,1.0,0.0,-0.760302,-0.96946,-0.917485,-0.941803,-0.752937,-0.954583,-0.965217,-1.00581,-0.625309,-0.884866,-0.882936,-0.940504,-0.958019,-0.871915,0.0,0.0,0.0,0.0,0.0,0.0,0.0,0.0,0.0,0.0,0.0,0.0,0.0,0.0
0.0392715,-0.0733411,1.0,0.0,-0.787511,-0.971726,-0.926487,-0.943998,-0.808792,-0.957765,-0.965999,-1.00583,-0.637482,-0.902721,-0.892411,-0.94497,-0.959677,-0.882703,0.0,0.0,0.0,0.0,0.0,0.0,0.0,0.0,0.0,0.0,0.0,0.0,0.0,0.0
0.016277,-0.0759056,1.0,0.0,-0.788119,-0.970323,-0.92584,-0.944186,-0.80732,-0.956852,-0.96587,-1.00537,-0.639268,-0.902468,-0.892121,-0.944623,-0.96,-0.882441,0.0,0.0,0.0,0.0,0.0,0.0,0.0,0.0,0.0,0.0,0.0,0.0,0.0,0.0
0.0752172,-0.110411,1.0,0.0,-0.815684,-0.969127,-0.928024,-0.939701,-0.857173,-0.955198,-0.966935,-1.00494,-0.618642,-0.921173,-0.898277,-0.947413,-0.958555,-0.882969,0.0,0.0,0.0,0.0,0.0,0.0,0.0,0.0,0.0,0.0,0.0,0.0,0.0,0.0
-0.0798717,0.0441701,1.0,0.0,-0.743318,-0.96911,-0.913759,-0.942159,-0.720117,-0.953971,-0.964674,-1.00596,-0.626103,-0.873632,-0.87797,-0.938215,-0.957764,-0.867936,0.0,0.0,0.0,0.0,0.0,0.0,0.0,0.0,0.0,0.0,0.0,0.0,0.0,0.0
-0.0401808,0.0259415,1.0,0.0,-0.747269,-0.971473,-0.917042,-0.943419,-0.732067,-0.956214,-0.964892,-1.0065,-0.63165,-0.876786,-0.880409,-0.939596,-0.958219,-0.871688,0.0,0.0,0.0,0.0,0.0,0.0,0.0,0.0,0.0,0.0,0.0,0.0,0.0,0.0
-0.0775249,0.0349432,1.0,0.0,-0.744943,-0.969324,-0.914802,-0.942943,-0.723619,-0.954449,-0.96467,-1.00592,-0.630179,-0.874529,-0.878773,-0.938568,-0.958205,-0.869469,0.0,0.0,0.0,0.0,0.0,0.0,0.0,0.0,0.0,0.0,0.0,0.0,0.0,0.0
-0.037264,0.00531518,1.0,0.0,-0.755584,-0.970717,-0.918489,-0.943569,-0.746406,-0.95597,-0.965044,-1.00611,-0.633451,-0.881797,-0.882595,-0.940453,-0.958654,-0.873622,0.0,0.0,0.0,0.0,0.0,0.0,0.0,0.0,0.0,0.0,0.0,0.0,0.0,0.0
-0.0767639,0.00598717,1.0,0.0,-0.755015,-0.968436,-0.916977,-0.943706,-0.741054,-0.954382,-0.964805,-1.00541,-0.635366,-0.880429,-0.881616,-0.93967,-0.959042,-0.872584,0.0,0.0,0.0,0.0,0.0,0.0,0.0,0.0,0.0,0.0,0.0,0.0,0.0,0.0
0.0954088,-0.125597,1.0,0.0,-0.811996,-0.97195,-0.931448,-0.943156,-0.855575,-0.958332,-0.966785,-1.00555,-0.634783,-0.918902,-0.899361,-0.948151,-0.959907,-0.887878,0.0,0.0,0.0,0.0,0.0,0.0,0.0,0.0,0.0,0.0,0.0,0.0,0.0,0.0
-0.0226296,-0.0115145,1.0,0.0,-0.760125,-0.971363,-0.920522,-0.944448,-0.756243,-0.956875,-0.965154,-1.00615,-0.638,-0.88473,-0.884439,-0.941331,-0.959169,-0.876218,0.0,0.0,0.0,0.0,0.0,0.0,0.0,0.0,0.0,0.0,0.0,0.0,0.0,0.0
0.011856,-0.0642892,1.0,0.0,-0.792619,-0.968436,-0.92336,-0.940957,-0.812217,-0.954489,-0.966109,-1.00501,-0.623849,-0.905586,-0.891697,-0.944309,-0.958658,-0.878471,0.0,0.0,0.0,0.0,0.0,0.0,0.0,0.0,0.0,0.0,0.0,0.0,0.0,0.0
-0.180329,0.125948,1.0,0.0,-0.715753,-0.965487,-0.903686,-0.939804,-0.661038,-0.949757,-0.963771,-1.00554,-0.613814,-0.855027,-0.86783,-0.933259,-0.956206,-0.856211,0.0,0.0,0.0,0.0,0.0,0.0,0.0,0.0,0.0,0.0,0.0,0.0,0.0,0.0
0.0836046,-0.125889,1.0,0.0,-0.808472,-0.972076,-0.93163,-0.944419,-0.849169,-0.95877,-0.966586,-1.00553,-0.641016,-0.916285,-0.898783,-0.94785,-0.960469,-0.888697,0.0,0.0,0.0,0.0,0.0,0.0,0.0,0.0,0.0,0.0,0.0,0.0,0.0,0.0
-0.0672909,-0.00667065,1.0,0.0,-0.768622,-0.966448,-0.916718,-0.940875,-0.763026,-0.952352,-0.965256,-1.00483,-0.622739,-0.889268,-0.883933,-0.940547,-0.958197,-0.871381,0.0,0.0,0.0,0.0,0.0,0.0,0.0,0.0,0.0,0.0,0.0,0.0,0.0,0.0
0.10202,-0.178218,1.0,0.0,-0.828703,-0.971024,-0.935872,-0.945084,-0.885541,-0.958845,-0.967,-1.0048,-0.646532,-0.928713,-0.904493,-0.950213,-0.961575,-0.894167,0.0,0.0,0.0,0.0,0.0,0.0,0.0,0.0,0.0,0.0,0.0,0.0,0.0,0.0
0.0577335,-0.122324,1.0,0.0,-0.822345,-0.967101,-0.927807,-0.93917,-0.865978,-0.953761,-0.966983,-1.00426,-0.617476,-0.924793,-0.899287,-0.947589,-0.958757,-0.882999,0.0,0.0,0.0,0.0,0.0,0.0,0.0,0.0,0.0,0.0,0.0,0.0,0.0,0.0
-0.0223621,0.00112724,1.0,0.0,-0.776329,-0.966974,-0.9161,-0.937052,-0.778506,-0.951584,-0.965861,-1.00521,-0.603157,-0.895655,-0.88516,-0.941359,-0.956279,-0.868581,0.0,0.0,0.0,0.0,0.0,0.0,0.0,0.0,0.0,0.0,0.0,0.0,0.0,0.0
-0.0456113,-0.0137119,1.0,0.0,-0.779026,-0.965669,-0.916723,-0.938311,-0.781205,-0.951184,-0.965705,-1.00464,-0.610609,-0.896461,-0.885857,-0.941415,-0.957228,-0.87029,0.0,0.0,0.0,0.0,0.0,0.0,0.0,0.0,0.0,0.0,0.0,0.0,0.0,0.0
-0.0743032,-0.00661457,1.0,0.0,-0.763031,-0.967329,-0.917389,-0.94279,-0.754139,-0.9535,-0.96501,-1.00502,-0.631801,-0.88543,-0.883244,-0.940277,-0.958942,-0.872887,0.0,0.0,0.0,0.0,0.0,0.0,0.0,0.0,0.0,0.0,0.0,0.0,0.0,0.0
0.0138221,-0.0385061,1.0,0.0,-0.776652,-0.971022,-0.922713,-0.942675,-0.786864,-0.956477,-0.965745,-1.00592,-0.63019,-0.895818,-0.888563,-0.943209,-0.958744,-0.877908,0.0,0.0,0.0,0.0,0.0,0.0,0.0,0.0,0.0,0.0,0.0,0.0,0.0,0.0
0.0543394,-0.0934831,1.0,0.0,-0.80885,-0.968635,-0.926127,-0.9396,-0.843302,-0.954615,-0.966706,-1.00492,-0.617884,-0.916581,-0.896069,-0.946359,-0.958371,-0.880884,0.0,0.0,0.0,0.0,0.0,0.0,0.0,0.0,0.0,0.0,0.0,0.0,0.0,0.0
-0.0468267,0.0510082,1.0,0.0,-0.738509,-0.97189,-0.914936,-0.942779,-0.716237,-0.956029,-0.96474,-1.00683,-0.627453,-0.871498,-0.87781,-0.938528,-0.957556,-0.868842,0.0,0.0,0.0,0.0,0.0,0.0,0.0,0.0,0.0,0.0,0.0,0.0,0.0,0.0
0.0404276,-0.0838811,1.0,0.0,-0.787828,-0.972238,-0.92788,-0.945423,-0.810393,-0.958646,-0.965929,-1.00585,-0.644628,-0.902699,-0.893149,-0.945307,-0.960383,-0.884883,0.0,0.0,0.0,0.0,0.0,0.0,0.0,0.0,0.0,0.0,0.0,0.0,0.0,0.0
-0.00256574,-0.0309481,1.0,0.0,-0.772312,-0.970677,-0.921813,-0.943079,-0.778007,-0.956252,-0.965555,-1.00585,-0.632158,-0.892743,-0.887297,-0.942573,-0.958885,-0.877179,0.0,0.0,0.0,0.0,0.0,0.0,0.0,0.0,0.0,0.0,0.0,0.0,0.0,0.0
0.157211,-0.145648,1.0,0.0,-0.808155,-0.977555,-0.937146,-0.947329,-0.858924,-0.963695,-0.966825,-1.00695,-0.65313,-0.917476,-0.901674,-0.949816,-0.961241,-0.894997,0.0,0.0,0.0,0.0,0.0,0.0,0.0,0.0,0.0,0.0,0.0,0.0,0.0,0.0
0.0485129,-0.0879339,1.0,0.0,-0.790833,-0.972222,-0.928221,-0.944975,-0.816042,-0.958562,-0.966052,-1.00583,-0.64253,-0.904773,-0.893876,-0.945651,-0.960231,-0.885048,0.0,0.0,0.0,0.0,0.0,0.0,0.0,0.0,0.0,0.0,0.0,0.0,0.0,0.0
-0.0709155,0.00182617,1.0,0.0,-0.761032,-0.967587,-0.916735,-0.942243,-0.750821,-0.95343,-0.965026,-1.00518,-0.62867,-0.884416,-0.882585,-0.940048,-0.95855,-0.871791,0.0,0.0,0.0,0.0,0.0,0.0,0.0,0.0,0.0,0.0,0.0,0.0,0.0,0.0
-0.0832669,0.024688,1.0,0.0,-0.741274,-0.970338,-0.916569,-0.9457,-0.718645,-0.956048,-0.964416,-1.00604,-0.64368,-0.871728,-0.878961,-0.93867,-0.959442,-0.87262,0.0,0.0,0.0,0.0,0.0,0.0,0.0,0.0,0.0,0.0,0.0,0.0,0.0,0.0
0.0548729,-0.0897804,1.0,0.0,-0.78317,-0.974486,-0.930012,-0.947864,-0.805851,-0.960981,-0.965789,-1.00639,-0.655743,-0.899874,-0.893412,-0.945641,-0.961242,-0.887954,0.0,0.0,0.0,0.0,0.0,0.0,0.0,0.0,0.0,0.0,0.0,0.0,0.0,0.0
-0.171112,0.112963,1.0,0.0,-0.694648,-0.97161,-0.90935,-0.948921,-0.632789,-0.956753,-0.962933,-1.00694,-0.65629,-0.841128,-0.866879,-0.933303,-0.959632,-0.865674,0.0,0.0,0.0,0.0,0.0,0.0,0.0,0.0,0.0,0.0,0.0,0.0,0.0,0.0
0.0150042,-0.0473516,1.0,0.0,-0.776269,-0.971616,-0.924001,-0.944093,-0.787292,-0.957395,-0.965664,-1.00598,-0.637205,-0.89538,-0.889125,-0.94348,-0.959414,-0.879941,0.0,0.0,0.0,0.0,0.0,0.0,0.0,0.0,0.0,0.0,0.0,0.0,0.0,0.0
0.169069,-0.206356,1.0,0.0,-0.83572,-0.974805,-0.941006,-0.946707,-0.905969,-0.962315,-0.967404,-1.00569,-0.653422,-0.93433,-0.908473,-0.952476,-0.962111,-0.899834,0.0,0.0,0.0,0.0,0.0,0.0,0.0,0.0,0.0,0.0,0.0,0.0,0.0,0.0
-0.0726884,0.0490155,1.0,0.0,-0.75404,-0.966801,-0.911571,-0.937771,-0.735977,-0.951073,-0.965152,-1.00547,-0.60535,-0.880954,-0.878831,-0.938469,-0.956039,-0.863823,0.0,0.0,0.0,0.0,0.0,0.0,0.0,0.0,0.0,0.0,0.0,0.0,0.0,0.0
0.046991,-0.0712557,1.0,0.0,-0.780469,-0.973734,-0.927701,-0.946101,-0.799275,-0.959739,-0.9658,-1.00637,-0.646794,-0.89836,-0.891782,-0.944886,-0.960317,-0.884618,0.0,0.0,0.0,0.0,0.0,0.0,0.0,0.0,0.0,0.0,0.0,0.0,0.0,0.0
0.0687785,-0.105875,1.0,0.0,-0.801756,-0.971771,-0.929536,-0.943822,-0.835857,-0.958146,-0.966421,-1.00561,-0.637589,-0.912001,-0.896522,-0.946823,-0.959993,-0.886083,0.0,0.0,0.0,0.0,0.0,0.0,0.0,0.0,0.0,0.0,0.0,0.0,0.0,0.0
0.0373533,-0.0798469,1.0,0.0,-0.796503,-0.969828,-0.925753,-0.941865,-0.82221,-0.955914,-0.966267,-1.00529,-0.628092,-0.908399,-0.89364,-0.94534,-0.959061,-0.88129,0.0,0.0,0.0,0.0,0.0,0.0,0.0,0.0,0.0,0.0,0.0,0.0,0.0,0.0
-0.0442299,-0.0135396,1.0,0.0,-0.767195,-0.968508,-0.918761,-0.942341,-0.764226,-0.954298,-0.965276,-1.00535,-0.629128,-0.888755,-0.884757,-0.941151,-0.95865,-0.873905,0.0,0.0,0.0,0.0,0.0,0.0,0.0,0.0,0.0,0.0,0.0,0.0,0.0,0.0
0.0488176,-0.10096,1.0,0.0,-0.79421,-0.97209,-0.929394,-0.945713,-0.822213,-0.958829,-0.96607,-1.00567,-0.646686,-0.906672,-0.895045,-0.946118,-0.960749,-0.8868,0.0,0.0,0.0,0.0,0.0,0.0,0.0,0.0,0.0,0.0,0.0,0.0,0.0,0.0
-0.119796,0.0581592,1.0,0.0,-0.728169,-0.969558,-0.912932,-0.945357,-0.692345,-0.954992,-0.964005,-1.00606,-0.641357,-0.863037,-0.874741,-0.936684,-0.958985,-0.868502,0.0,0.0,0.0,0.0,0.0,0.0,0.0,0.0,0.0,0.0,0.0,0.0,0.0,0.0
-0.0380141,-0.0182007,1.0,0.0,-0.769653,-0.968537,-0.919204,-0.94217,-0.768932,-0.954329,-0.965363,-1.00533,-0.628408,-0.890409,-0.88543,-0.941464,-0.958626,-0.874316,0.0,0.0,0.0,0.0,0.0,0.0,0.0,0.0,0.0,0.0,0.0,0.0,0.0,0.0
-0.0883541,0.0398751,1.0,0.0,-0.743901,-0.968673,-0.913906,-0.942593,-0.720414,-0.953832,-0.964612,-1.00577,-0.628639,-0.873691,-0.878114,-0.938194,-0.95808,-0.868443,0.0,0.0,0.0,0.0,0.0,0.0,0.0,0.0,0.0,0.0,0.0,0.0,0.0,0.0
-0.0496883,-0.0188913,1.0,0.0,-0.758195,-0.970544,-0.920791,-0.946211,-0.751101,-0.956867,-0.964867,-1.00577,-0.647464,-0.882592,-0.88413,-0.940986,-0.960185,-0.877647,0.0,0.0,0.0,0.0,0.0,0.0,0.0,0.0,0.0,0.0,0.0,0.0,0.0,0.0
0.0938618,-0.1349,1.0,0.0,-0.80738,-0.973391,-0.93341,-0.946094,-0.849613,-0.960271,-0.966528,-1.0058,-0.648926,-0.915611,-0.899491,-0.948281,-0.961153,-0.891228,0.0,0.0,0.0,0.0,0.0,0.0,0.0,0.0,0.0,0.0,0.0,0.0,0.0,0.0
0.0428069,-0.0620252,1.0,0.0,-0.788736,-0.971098,-0.924908,-0.941927,-0.809879,-0.956615,-0.96616,-1.0058,-0.627153,-0.903892,-0.891874,-0.944737,-0.958683,-0.880013,0.0,0.0,0.0,0.0,0.0,0.0,0.0,0.0,0.0,0.0,0.0,0.0,0.0,0.0
0.129173,-0.164293,1.0,0.0,-0.818985,-0.974249,-0.936712,-0.94636,-0.873213,-0.961312,-0.966911,-1.00584,-0.650692,-0.923389,-0.903279,-0.950089,-0.961513,-0.894903,0.0,0.0,0.0,0.0,0.0,0.0,0.0,0.0,0.0,0.0,0.0,0.0,0.0,0.0
0.0744505,-0.0977305,1.0,0.0,-0.795407,-0.973197,-0.929747,-0.944807,-0.826531,-0.959327,-0.966286,-1.00607,-0.641462,-0.908191,-0.895521,-0.94654,-0.960133,-0.88644,0.0,0.0,0.0,0.0,0.0,0.0,0.0,0.0,0.0,0.0,0.0,0.0,0.0,0.0
-0.111003,0.0215379,1.0,0.0,-0.742698,-0.968488,-0.91568,-0.945699,-0.717873,-0.954774,-0.964286,-1.00545,-0.644786,-0.871872,-0.87868,-0.938269,-0.959751,-0.872105,0.0,0.0,0.0,0.0,0.0,0.0,0.0,0.0,0.0,0.0,0.0,0.0,0.0,0.0
-0.0375133,-0.0306529,1.0,0.0,-0.787402,-0.965031,-0.917869,-0.937898,-0.795864,-0.950825,-0.965919,-1.00434,-0.609428,-0.901735,-0.887926,-0.942265,-0.957343,-0.871561,0.0,0.0,0.0,0.0,0.0,0.0,0.0,0.0,0.0,0.0,0.0,0.0,0.0,0.0
-0.00932133,-0.0313244,1.0,0.0,-0.763158,-0.972427,-0.923156,-0.946278,-0.764036,-0.958373,-0.965175,-1.00625,-0.647155,-0.886569,-0.886305,-0.942235,-0.960095,-0.879873,0.0,0.0,0.0,0.0,0.0,0.0,0.0,0.0,0.0,0.0,0.0,0.0,0.0,0.0
0.0164959,-0.0355794,1.0,0.0,-0.787509,-0.968503,-0.920584,-0.938524,-0.802594,-0.953519,-0.966187,-1.00534,-0.610795,-0.903066,-0.88946,-0.943437,-0.957182,-0.87404,0.0,0.0,0.0,0.0,0.0,0.0,0.0,0.0,0.0,0.0,0.0,0.0,0.0,0.0
0.0331594,-0.0643296,1.0,0.0,-0.787664,-0.97088,-0.925026,-0.94264,-0.807459,-0.956683,-0.966046,-1.00569,-0.630896,-0.902887,-0.891706,-0.944595,-0.959069,-0.88057,0.0,0.0,0.0,0.0,0.0,0.0,0.0,0.0,0.0,0.0,0.0,0.0,0.0,0.0
-0.103725,0.0459863,1.0,0.0,-0.739164,-0.968554,-0.913305,-0.943343,-0.711237,-0.953878,-0.964401,-1.00575,-0.632252,-0.870347,-0.876927,-0.937609,-0.958364,-0.868172,0.0,0.0,0.0,0.0,0.0,0.0,0.0,0.0,0.0,0.0,0.0,0.0,0.0,0.0
0.142523,-0.178322,1.0,0.0,-0.828207,-0.973586,-0.937528,-0.945228,-0.88941,-0.960703,-0.96721,-1.00558,-0.645848,-0.929422,-0.905357,-0.950974,-0.961267,-0.895437,0.0,0.0,0.0,0.0,0.0,0.0,0.0,0.0,0.0,0.0,0.0,0.0,0.0,0.0
0.0492395,-0.0800479,1.0,0.0,-0.797065,-0.970423,-0.926142,-0.941689,-0.824385,-0.956291,-0.966353,-1.00548,-0.626898,-0.909066,-0.893971,-0.945586,-0.958897,-0.881483,0.0,0.0,0.0,0.0,0.0,0.0,0.0,0.0,0.0,0.0,0.0,0.0,0.0,0.0
-0.105533,0.0386422,1.0,0.0,-0.736306,-0.969473,-0.914698,-0.945394,-0.707603,-0.95518,-0.964223,-1.00589,-0.642196,-0.868249,-0.877091,-0.93772,-0.959256,-0.870561,0.0,0.0,0.0,0.0,0.0,0.0,0.0,0.0,0.0,0.0,0.0,0.0,0.0,0.0
0.0368845,-0.0431386,1.0,0.0,-0.783724,-0.970986,-0.923017,-0.940902,-0.800146,-0.956024,-0.966099,-1.00595,-0.621516,-0.900924,-0.890046,-0.943953,-0.957997,-0.877359,0.0,0.0,0.0,0.0,0.0,0.0,0.0,0.0,0.0,0.0,0.0,0.0,0.0,0.0
0.134969,-0.141021,1.0,0.0,-0.822156,-0.972717,-0.933299,-0.941879,-0.876224,-0.958715,-0.967256,-1.00573,-0.628476,-0.926185,-0.902202,-0.949597,-0.959403,-0.889132,0.0,0.0,0.0,0.0,0.0,0.0,0.0,0.0,0.0,0.0,0.0,0.0,0.0,0.0
0.0127355,-0.0515615,1.0,0.0,-0.78052,-0.970692,-0.923753,-0.943251,-0.793589,-0.956561,-0.965773,-1.0057,-0.633647,-0.898001,-0.889749,-0.943663,-0.959217,-0.879479,0.0,0.0,0.0,0.0,0.0,0.0,0.0,0.0,0.0,0.0,0.0,0.0,0.0,0.0
-0.0843267,0.0363879,1.0,0.0,-0.742438,-0.969429,-0.914773,-0.943599,-0.719087,-0.954685,-0.964551,-1.00594,-0.633343,-0.872751,-0.878291,-0.938337,-0.958471,-0.869743,0.0,0.0,0.0,0.0,0.0,0.0,0.0,0.0,0.0,0.0,0.0,0.0,0.0,0.0
0.0182405,-0.065028,1.0,0.0,-0.788774,-0.969756,-0.924357,-0.942376,-0.807446,-0.955822,-0.965997,-1.00535,-0.63022,-0.903214,-0.891523,-0.944359,-0.959122,-0.879976,0.0,0.0,0.0,0.0,0.0,0.0,0.0,0.0,0.0,0.0,0.0,0.0,0.0,0.0
-0.116127,0.09083,1.0,0.0,-0.741024,-0.965174,-0.906543,-0.936189,-0.708225,-0.948975,-0.964775,-1.00534,-0.59706,-0.87235,-0.873925,-0.936111,-0.955037,-0.857713,0.0,0.0,0.0,0.0,0.0,0.0,0.0,0.0,0.0,0.0,0.0,0.0,0.0,0.0
-0.0641209,0.0139815,1.0,0.0,-0.75658,-0.968441,-0.916134,-0.941993,-0.74398,-0.953819,-0.965001,-1.00554,-0.626577,-0.881974,-0.881529,-0.939715,-0.95816,-0.870744,0.0,0.0,0.0,0.0,0.0,0.0,0.0,0.0,0.0,0.0,0.0,0.0,0.0,0.0
0.085609,-0.070743,1.0,0.0,-0.811724,-0.968734,-0.923815,-0.935273,-0.848812,-0.953224,-0.96718,-1.0053,-0.595556,-0.919822,-0.895568,-0.946359,-0.9561,-0.876007,0.0,0.0,0.0,0.0,0.0,0.0,0.0,0.0,0.0,0.0,0.0,0.0,0.0,0.0
-0.0846153,0.0172987,1.0,0.0,-0.759212,-0.966428,-0.914457,-0.940628,-0.745155,-0.951977,-0.965011,-1.00501,-0.620778,-0.883254,-0.881106,-0.939292,-0.957791,-0.868679,0.0,0.0,0.0,0.0,0.0,0.0,0.0,0.0,0.0,0.0,0.0,0.0,0.0,0.0
0.0903677,-0.117127,1.0,0.0,-0.797546,-0.974607,-0.932578,-0.946882,-0.833284,-0.961132,-0.966293,-1.00627,-0.65163,-0.909521,-0.897333,-0.947459,-0.961114,-0.890351,0.0,0.0,0.0,0.0,0.0,0.0,0.0,0.0,0.0,0.0,0.0,0.0,0.0,0.0
0.0586897,-0.105677,1.0,0.0,-0.798587,-0.971893,-0.929659,-0.944889,-0.830114,-0.958522,-0.966248,-1.00561,-0.642835,-0.909674,-0.895984,-0.946549,-0.96046,-0.886735,0.0,0.0,0.0,0.0,0.0,0.0,0.0,0.0,0.0,0.0,0.0,0.0,0.0,0.0
